genhits,HATZFS,HWVoteRank,IDME,imaxdriver,NIBNA,Pagerank,RDDriver,LPDriver
SCGB1A1,hsa-miR-542-5p,hsa-miR-4787-3p,hsa-miR-342-5p,RP5-827E24.1,ARMC3,hsa-miR-4787-3p,CTB-41I6.1,DAW1
CGB7,hsa-miR-1537-5p,hsa-miR-342-5p,hsa-miR-5586-5p,SNTG2,CERS1,hsa-miR-4732-3p,RP1-29C18.9,CLVS2
HOXC11,hsa-miR-628-3p,hsa-miR-223-3p,hsa-miR-4732-3p,ZIC1,KRTAP5-5,hsa-miR-342-5p,LINC01272,FHDC1
CTXN2,hsa-miR-505-3p,hsa-miR-1258,hsa-miR-124-3p,RP11-400G3.5,hsa-miR-342-5p,hsa-miR-766-3p,CTB-43E15.1,MAS1
TNFRSF13B,hsa-miR-4632-3p,hsa-miR-4732-3p,hsa-miR-1258,UGT2B17,CNTNAP4,hsa-miR-1258,CTB-138E5.1,GDF7
TMEM92,hsa-miR-1292-5p,hsa-miR-5586-5p,hsa-miR-342-3p,LYVE1,PIGR,hsa-miR-223-3p,DSG1-AS1,KLK5
LYL1,hsa-miR-95-3p,hsa-miR-766-3p,hsa-miR-618,MCEMP1,TFF1,hsa-miR-5586-5p,RP11-203E8.1,PAX6
SLC5A10,hsa-miR-155-5p,hsa-miR-342-3p,hsa-miR-223-3p,TM4SF19,ITGAL,hsa-miR-342-3p,STEAP2-AS1,SOST
SLC17A6,hsa-miR-423-3p,hsa-miR-146a-5p,RP11-304F15.4,SRRM4,LINC01050,hsa-miR-146a-5p,RP11-345L23.1,SP5
TRNP1,hsa-miR-4726-5p,hsa-miR-618,UBD,HAVCR1,CDHR1,hsa-miR-618,RP11-229P13.19,MS4A3
TAC3,hsa-miR-497-3p,hsa-miR-4662a-5p,EFHC2,UBE2QL1,TSPAN8,hsa-miR-32-5p,RP1-283K11.2,RP11-713N11.4
KCNJ3,hsa-miR-4668-3p,CTXN2,PGA3,SLC5A12,SLC7A14,hsa-miR-124-3p,RP11-370I10.10,hsa-miR-137
SCIMP,hsa-miR-766-3p,hsa-miR-124-3p,GYPE,TMC7,GABRA3,hsa-miR-4662a-5p,TRMT2B-AS1,MPEG1
SMIM22,hsa-miR-22-5p,CGB7,RP5-907C10.4,SLPI,SNX10,hsa-miR-767-5p,CTD-2313F11.1,AC104024.2
TGFB3,GKN2,SCGB1A1,SNX22,SPRR1A,RASAL1,hsa-miR-4668-3p,CTD-2528A14.5,CRYAB
AP006285.3,hsa-miR-5586-5p,TMEM92,SERPINA5,SLC6A4,PSG5,hsa-miR-206,LINC01508,GDNF
HAO1,hsa-miR-19b-3p,hsa-miR-32-5p,C1QC,TPRXL,RP11-400N9.1,hsa-miR-19b-3p,GPC5-IT1,VSTM2L
TMEM229A,MEX3A,SCIMP,AIF1,KCNK10,RP11-863P13.4,hsa-miR-616-5p,RP1-167O22.1,CDC25C
CA14,SFTPA2,hsa-miR-767-5p,PLA2G7,RUNDC3A,HOXC13-AS,hsa-miR-196b-5p,RP11-360F5.3,KISS1
SLC6A18,hsa-miR-3191-5p,KLK11,TLR6,ASB15,SLFN14,hsa-miR-155-5p,LINC01114,AGTR2
RP11-1191J2.5,hsa-miR-3653-5p,VSTM2A,GNG7,BRINP3,NUGGC,hsa-miR-139-3p,RP11-575M22.1,COL2A1
PALD1,CORO1A,SLC5A10,USP44,GPR6,CFAP99,hsa-miR-140-5p,RP11-148O21.3,AGMO
ADIPOQ,GSTA1,HOXC11,SIAH3,ANXA13,SEPT1,hsa-miR-210-3p,hsa-miR-10b-5p,EFNA3
TFF3,XAGE2B,KCNJ3,C1QA,MUC16,MAGEA6,hsa-miR-335-5p,hsa-miR-31-5p,TNNC2
KLK11,APLP1,PLEK,APOBR,MOGAT3,KLK12,hsa-miR-223-5p,hsa-miR-592,CERS1
VWA3B,NXPE2,SLC17A6,CARD9,SLC26A3,hsa-miR-1258,hsa-miR-4665-5p,hsa-miR-146a-3p,MUC5B
CELA3B,hsa-miR-18a-5p,TNFRSF13B,CLEC7A,FAM183B,FADS3,hsa-miR-30e-5p,hsa-miR-484,CD160
GRAP,hsa-miR-887-3p,SLC6A18,ABCB4,FRMD4A,IL13RA2,hsa-miR-6815-5p,hsa-miR-3655,CCDC60
RP11-863K10.2,hsa-miR-548v,ADIPOQ,OR2AE1,HSPB8,WT1-AS,hsa-miR-6502-5p,hsa-miR-766-3p,KCTD8
PTPRZ1,hsa-let-7g-3p,hsa-miR-4668-3p,TNFAIP3,PLEKHO1,NOX5,hsa-miR-18a-5p,hsa-miR-124-3p,RLTPR
PLA2G12B,hsa-miR-4772-5p,TRNP1,BARHL2,PCDH9,HBB,hsa-miR-497-3p,hsa-let-7g-3p,CNTNAP4
KRT24,GPR142,TFF3,LGSN,MTRNR2L3,CCDC108,hsa-miR-155-3p,hsa-miR-155-3p,CEACAM7
SIGLEC5,HIST1H1C,TAC3,HSPB8,EPO,DPCR1,hsa-miR-4632-3p,hsa-miR-486-3p,PTPRN2
KLK6,hsa-miR-605-5p,PTPRZ1,OR5K2,TRIM22,hsa-miR-5586-5p,hsa-miR-605-5p,hsa-miR-191-5p,CLGN
SLC39A5,hsa-miR-191-5p,LYL1,CHP2,LILRB3,C1orf162,hsa-miR-4772-5p,hsa-miR-4726-5p,SOD2
TMEM190,TNFRSF9,HAO1,C20orf85,IL21R,BTBD11,hsa-miR-22-5p,hsa-miR-342-3p,NRROS
HOXB9,hsa-miR-146a-5p,PAX3,PRAP1,PTPRC,IL1R2,hsa-miR-424-3p,hsa-miR-891b,SLC7A9
EVI2B,hsa-miR-6815-5p,RP11-863K10.2,RP11-367G6.3,LRRC55,RP11-262H14.3,hsa-let-7g-3p,hsa-miR-144-5p,LRRC24
HOXD10,TMEM145,RP11-1191J2.5,UGT2B11,HTRA4,DEFA3,hsa-miR-6810-3p,hsa-miR-6815-5p,CXXC4
VSTM2A,hsa-miR-140-5p,hsa-miR-206,DSC3,PGA5,RP11-234B24.2,hsa-miR-20b-5p,hsa-miR-1258,RP11-495P10.8
PLEK,hsa-miR-1258,KIAA0125,ANXA13,PF4V1,SLC37A2,hsa-miR-31-3p,hsa-miR-22-5p,GDPD5
TMEM238,hsa-miR-4787-3p,TGFB3,TNNT2,CD52,C14orf180,hsa-miR-934,hsa-miR-19b-3p,BPIFA2
NKX2-2,hsa-miR-892a,hsa-miR-19b-3p,HEPACAM2,KIR2DL1,C2orf82,hsa-miR-891b,hsa-miR-4787-3p,RP11-595B24.2
RP11-626G11.1,hsa-miR-590-3p,SMIM22,STYK1,CHI3L1,RP1-278O22.2,hsa-miR-423-3p,hsa-miR-4668-3p,HSPA1B
RP4-536B24.3,hsa-miR-4665-5p,hsa-miR-616-5p,NCCRP1,RP11-297D21.2,SIGLEC14,hsa-miR-454-3p,hsa-miR-32-5p,ZPBP2
DOCK8,hsa-miR-30e-5p,TMEM229A,CXorf22,HOXC-AS1,LINC00470,hsa-miR-552-5p,hsa-miR-205-5p,SDPR
DEFA5,CYP2C9,AP006285.3,UGT1A3,ARHGEF26-AS1,FOLH1,VSTM2A,hsa-miR-1251-5p,PRKCG
RASAL3,EVPL,LUZP2,IQGAP3,CTC-573N18.1,GPRC5A,TMEM92,hsa-miR-196b-5p,GPR119
CDHR4,hsa-miR-616-5p,hsa-miR-155-5p,CDX1,RP11-279F6.2,RETN,SCGB1A1,hsa-miR-155-5p,RP11-286H15.1
AFF3,SSC4D,HOXD10,C1orf110,RP11-385J1.2,CSMD3,hsa-miR-16-2-3p,hsa-miR-885-5p,PRODH2
MAPT-IT1,P2RY10,RP11-386M24.3,NGB,RP11-1112C15.1,APOA1,hsa-miR-3653-5p,hsa-miR-3653-5p,GH1
APOB,MMP25,PLA2G12B,SPDYC,TSPEAR-AS1,ADCY5,hsa-miR-1228-5p,hsa-miR-423-3p,PRSS57
PAX3,TDRD5,CA14,SYP,RP11-89N17.1,FABP7,C11orf21,hsa-miR-223-3p,BMP3
ANXA8,CDHR5,hsa-miR-139-3p,REP15,RP11-43F13.3,SPI1,KCNJ3,hsa-miR-4772-5p,OR52N4
MIR2117,ASPDH,C11orf21,ST18,CTD-3032J10.4,RP11-147L13.8,CTXN2,hsa-miR-767-5p,HIST1H2BN
SLURP1,hsa-miR-581,hsa-miR-140-5p,SPINK7,AC010890.1,AC021188.4,KLK11,hsa-miR-5586-5p,PPP1R14D
AC144450.2,hsa-miR-6503-5p,GRAP,SPIRE2,LINC01272,TRPM5,hsa-miR-146b-5p,hsa-miR-1292-5p,HEPACAM
GRM4,SEZ6,HOXB9,SLC5A1,CTC-551A13.1,ICAM3,CGB7,hsa-miR-33a-5p,CRYM
AIM2,hsa-miR-6810-3p,hsa-miR-196b-5p,PTGES,RP11-95M15.1,CDH12,SLC6A18,hsa-miR-31-3p,ITGA3
PCDH11X,ZG16B,MAPT-IT1,LRRC10B,CTD-3187F8.14,C17orf78,PLEK,hsa-miR-1537-5p,EMX1
IQSEC3,PRODH2,RP5-899E9.1,MAST1,RP11-367J7.3,CFP,SLC5A10,hsa-miR-500a-3p,ZNF750
KRTDAP,PLA2G10,LINC01207,ALK,TG,ALOX5AP,SCIMP,hsa-miR-146a-5p,SULT1E1
CTB-49A3.4,SULT2A1,FOXH1,PBK,TM4SF4,FERMT1,hsa-miR-130a-3p,hsa-miR-20b-5p,C6orf222
RP11-73O6.3,hsa-miR-511-3p,PALD1,LRTM1,MYH11,RP11-766F14.2,hsa-miR-590-3p,AC104024.2,FCRL2
TMEM45B,FAT3,VWA3B,LIPF,CA2,MOGAT1,PAX3,CTD-2509G16.5,FP325317.1
RP5-899E9.1,CD6,hsa-miR-223-5p,IL1RAPL2,GRM8,FAM26F,TFF3,RP11-556E13.1,PARP15
LINC01207,AC007381.2,AIM2,PLG,CPA6,FCRL1,KIAA0125,hsa-miR-139-3p,GJB6
TNS4,hsa-miR-215-3p,NKX2-8,KRT73,TERT,RP11-12J10.3,MYRFL,hsa-miR-140-5p,WDR72
RP11-386M24.3,GPR45,TMEM238,MGAT4C,XPNPEP2,LY6D,ADIPOQ,P2RX5-TAX1BP3,CYP2W1
CAMP,hsa-miR-934,SIGLEC5,C1orf189,ATP2B2,hsa-miR-223-3p,hsa-miR-887-3p,RNF39,LINC00643
PMP2,hsa-miR-135b-3p,hsa-miR-4665-5p,SLC44A5,HIST1H2AC,LINC00858,SLC17A6,CXCL5,BTNL8
GALNT5,CPS1,CAMP,F10,CTNNA2,VTCN1,HOXB9,NOX1,GP2
LINC00996,hsa-miR-192-5p,RP4-536B24.3,APOL5,MMP28,FAM101A,ZNF578,JSRP1,PEG10
ZNF560,hsa-miR-670-3p,ABHD17C,CHI3L1,ARHGAP36,ANO4,hsa-miR-548v,TH,CHRDL2
KIAA0125,BMP3,hsa-miR-30e-5p,SMPD3,NXPH1,LINC00595,HAO1,IFNE,GABRG3
CLEC17A,TMPRSS11D,KRTDAP,LILRA1,PRPH,PDLIM3,NKG7,TEKT1,UPK1A
LINC00589,PRODH,hsa-miR-155-3p,SLC9A5,NECAB2,SFN,LYL1,CDC20,SOX2
DNAH11,RBP7,hsa-miR-6815-5p,TREML2,GPT,RP11-1079K10.3,TAC3,PDE1B,ATP4A
ASB4,hsa-miR-7-5p,CTB-49A3.4,SEMA3D,DPP6,SELL,HOXC11,ANKRD44,UCP1
LINC00173,PCOLCE2,hsa-miR-18a-5p,PLAC1,SMIM24,TNNC2,hsa-miR-103a-2-5p,NKX6-3,LA16c-380H5.4
TMEM52B,SMYD1,CELA3B,NPY1R,SCIN,GNGT1,PTPRZ1,NLRP12,FAM83A
KLRG1,PTPRN2,hsa-miR-605-5p,GOLT1A,COL6A5,ARHGAP4,TMEM229A,C17orf77,HRH3
NKG7,hsa-miR-767-5p,SLC39A5,CCL24,SPINK14,ZNF730,TRNP1,SFTPC,SLC11A1
RP11-285E9.6,hsa-miR-184,EVI2B,HLA-DOB,UGT1A7,LINC01522,KCNA7,BANK1,RASGRP3
APOH,hsa-miR-3614-3p,hsa-let-7g-3p,CMA1,WNT4,C1QL1,ABHD17C,LPXN,MT4
CTD-3096M3.1,CCL3,TMEM45B,MAS1L,TEX15,FAM83E,hsa-miR-628-3p,NPY4R,RP11-96H17.3
CTD-2589M5.4,hsa-miR-1180-3p,GC,SCML4,WNT10A,SCUBE1,FOXH1,SYT8,VWA3A
FLJ34503,hsa-miR-3920,hsa-miR-6502-5p,FBLL1,MGAT4C,HPR,GTSF1L,SYCN,hsa-miR-486-5p
RP11-93K22.13,hsa-miR-1251-5p,ITGAX,CENPF,HCAR1,AC098828.2,TNFRSF13B,RAPGEFL1,KLHL30
FAM153A,SIGLEC1,LINC00589,PPP1R17,SH3RF2,CNTNAP5,hsa-miR-486-5p,CTD-3138B18.4,CSTL1
LINC01447,PPIAL4C,hsa-miR-497-3p,hsa-miR-22-5p,ACER2,SLC22A12,hsa-miR-184,TAS2R13,TTBK1
RP11-346D19.1,FCRL3,hsa-miR-4772-5p,VILL,KCNE3,CLRN3,MFSD2A,DEFA6,PAX3
ABCD2,PDZD3,NEK2,MISP,CACNA2D2,RP11-327F22.2,hsa-miR-451a,SFTPA1,KL
LUZP2,NKX2-1,hsa-miR-210-3p,HLA-DPB1,GRAMD2,CACNA1C-AS2,EVI2B,TCF21,PCOLCE2
HS3ST6,LIPK,CDHR4,DOK3,ISL1,HBA1,RP11-1191J2.5,RBP3,FCGBP
RP11-863H1.1,BFSP2,hsa-miR-335-5p,GRAMD1B,DACH2,PRUNE2,TGFB3,AOAH,CEACAM20
RP11-415C15.2,SPRR2E,TMEM190,GRB14,FOXD3,CYP24A1,hsa-miR-3690,RIIAD1,KLHL41
ATP2C2,TM4SF20,KLRG1,MEFV,GPR149,C17orf77,hsa-miR-191-5p,MTNR1A,KLHL1
RP11-761I4.4,KLRD1,hsa-miR-891b,ECSCR,OR2B6,WDFY4,C6orf223,OTOGL,PTPRN
MYOCD,PSAPL1,RP11-626G11.1,PSTPIP2,PHACTR3,RFPL4B,hsa-miR-139-5p,AKR1B10,ABCG5
TCEAL2,SPIC,CXCR6,CLEC1B,MMD2,ANKRD30A,TMEM45B,TIGIT,EPHA2
UGT1A8,KNDC1,ZNF560,LY9,NGB,INA,PIK3R6,OR6K3,CTAG2
RP1-77H15.1,LBP,PRAM1,SMOC1,HEPHL1,SFTPC,NKX2-8,SCG5,ARMC3
AKR1C1,MS4A15,DNAH11,CTSE,C3orf30,RP11-449D8.5,hsa-miR-95-3p,SYT14,GHRHR
BACH2,hsa-miR-124-3p,MIR2117,KCNMB2,PRB1,EEF1A2,PLA2G12B,CNGA3,RP11-405M12.4
RAB42,CREB5,hsa-miR-6810-3p,PDYN,NOX1,hsa-miR-4787-3p,RP11-863K10.2,ARHGEF16,ACTL6B
LHX1,GPR148,COL28A1,STX16-NPEPL1,AREG,B4GALNT2,DEFB132,DUOXA1,RP1L1
RP11-1055B8.9,MYOCD,TMEM52B,GAB3,OTC,AJAP1,KLK6,UGT1A6,SMAP2
RP11-1036E20.9,SMIM5,RP11-131H24.4,CPA6,LGALS7,FUT7,AP006285.3,BMF,HYAL4
NLRC4,hsa-miR-31-3p,hsa-miR-4632-3p,P2RX2,GPRC5D,GRIN2B,PLP1,CELA3B,TIFAB
IVL,TMEM72,CPS1,KCNB1,FOXD1,SBK1,CDHR4,ALPPL2,hsa-miR-192-3p
AC093627.11,SPP1,AFF3,HMGA1,FAM83D,CRISP3,SMIM22,TRPM5,SOX14
RP11-1101K5.1,PCDHB5,BACH2,TREML1,UCN3,SLC22A9,LUZP2,C2orf54,PAX9
RP11-356J5.13,UNC93A,DEFA5,LILRA2,SLC38A4,SPRR2A,hsa-miR-126-3p,ATP2C2,LGR6
LINC01224,hsa-miR-618,ANXA8,CDC20B,COL17A1,RP11-826N14.4,FAM178B,HIST1H2BD,CSN3
RP11-771K4.1,CGB,hsa-miR-934,HLA-DMB,SULT2A1,AC093642.3,LILRB1,SIGLEC5,GP9
FSTL4,TMPRSS11E,TRIM46,SLC16A6,CPLX2,ZNF154,CA14,DCAF12L1,ALPP
L1CAM,ZBED2,KLK6,RP11-575M22.1,STYK1,P2RY10,APOB,BACH2,RIPPLY2
RP11-132N15.3,SERPINB4,DOCK8,LINC01114,SYT4,hsa-miR-146a-5p,hsa-miR-3074-5p,LRRC53,CGN
CTC-137K3.1,ACE2,RP11-543H23.1,MYL4,PNMT,CCDC88B,GALNT5,NLRC4,SLC2A6
LINC00494,hsa-miR-377-3p,hsa-miR-22-5p,C19orf84,AGR3,STAC3,hsa-miR-146a-3p,ANO4,KCNJ6
AC002511.3,CYP26A1,PADI4,RAC2,CFC1,LINC01269,PADI1,TNFRSF13B,MYO1F
TYROBP,LPPR3,hsa-miR-424-3p,NR5A2,CACNG7,LINC00051,LINC01207,LAIR1,CRYBA2
P2RY12,HP,hsa-miR-20b-5p,CD3D,AMN,BTNL9,GRAP,FAM3D,MAGEC2
TNFSF8,ITGB7,PCDH11X,RP11-360F5.3,SPINK5,ITIH5,IQSEC3,PARVG,AC104809.3
RP11-431K24.1,KLK5,RIPPLY3,MOGAT3,PON1,CXCR1,PALD1,GFRA3,PLA2G4F
GPR1-AS,GPR123,IQSEC3,RP1-167O22.1,SERTM1,hsa-miR-618,ANKLE1,OTX1,PRDM12
PABPN1L,hsa-miR-545-5p,NKX2-2,MAGEA1,SPOCK3,ARL14,GRM4,TMEM179,HIST1H3H
PRAM1,ITGA4,NKG7,SPRR3,TMEM82,CSNK1A1L,ANXA8,TRIM50,LGALS9C
KRT222,BTNL9,hsa-miR-423-3p,PON1,SST,RP11-982M15.8,MMP25,PAX7,NRXN1
CDH23,GSDMC,hsa-miR-31-3p,DKK4,CAPN9,MAB21L2,hsa-miR-144-5p,LMAN1L,GDA
AC006262.5,hsa-miR-215-5p,CABP7,MUC4,MS4A8,SMIM5,RP11-626G11.1,SPTA1,MMP1
RP11-756G20.1,UBASH3A,RP11-73O6.3,TPRXL,CALML5,LMAN1L,RP11-386M24.3,CPA3,CXCR5
RP11-50I19.2,SGCG,GRM4,TTC29,BPIFA1,hsa-miR-342-3p,FABP7,CLCA2,CTD-2509G16.5
RP11-416N2.3,hsa-miR-192-3p,FSTL4,GPR149,SERPINA10,HIST1H2AM,AFF3,PDE6G,RP11-403A21.1
FOXH1,hsa-miR-196b-5p,XCL2,HIST1H4H,SOSTDC1,GIP,KRTDAP,MMEL1,KLK8
DCAF12L1,LGI1,APOB,FCER2,MSLNL,TMPRSS4,CXCR6,EPHA10,RP11-64B16.4
PLCG2,LDLRAD1,NXPE1,FCAMR,HOXC12,FAM187B,RP5-899E9.1,TMIE,LST1
RP11-131H24.4,LTA,AC144450.2,CCL2,PIP,LIMD2,AIM2,FCN1,SLC6A19
AC145110.1,hsa-miR-1304-3p,TDRD5,SPINK14,MUC5AC,PNCK,IDI2,KLK10,PNOC
ATG16L2,hsa-miR-1269b,ABCD2,SRRM4,ASCL1,PDZD3,HOXD10,EEF1A2,REG4
FASLG,hsa-miR-4724-5p,ARHGEF16,SCIN,PGC,HMP19,TMEM238,EFNA3,HMOX1
RP11-543H23.1,SLFN12L,hsa-miR-454-3p,LRRTM3,APOA2,CTC-457E21.9,hsa-miR-501-3p,MAGEA4,CBLN1
ATG9B,KLHL1,RASAL3,CIITA,FAM156B,RP11-472G21.2,MIR2117,MMP24,ANXA8L1
SFTA2,TCN1,LINC00996,AICDA,MYH8,WNT3A,RTBDN,CAMP,LCNL1
ZG16,NEB,RASSF4,SERPINA3,SMIM9,CHD5,KLRG1,PPP1R16B,CYP1A2
AC092198.1,CKMT1A,ZP3,C10orf126,TMEM110-MUSTN1,CAPZA3,ZNF560,IL27,RP11-752D24.2
RIMS2,FCRL1,RP11-756G20.1,MAGEB2,LRRK2,CPA3,hsa-miR-1251-5p,IL1R2,GSDMC
XCL2,UCP1,KLK7,OBP2B,RASSF2,UGT2B4,SLC39A5,MUC1,CTD-3064H18.4
RP11-930P14.1,BEST2,RP3-448I9.2,FLT3,YPEL1,AC064853.2,ITGAX,HIST1H3D,TTC16
ALOX5AP,CD22,hsa-miR-146b-5p,ZAN,SLC24A4,Z83844.1,TMEM52B,FAM187B,SLCO1B1
LAIR1,EDDM3A,LINC00173,CHGB,CD3D,TMEM132D,hsa-miR-1292-5p,HIST2H2BE,GPHA2
AC079779.4,TMPRSS6,hsa-miR-1228-5p,PPP1R1C,SEMA3G,OR10G2,VWA3B,CST5,MYL2
RTBDN,PRAC2,SH3GL2,LILRA6,HTR3A,DSCAM,CTB-49A3.4,CAPZA3,LTB
RP11-1080G15.1,ATP4B,hsa-miR-552-5p,CRIP3,RAC2,C19orf35,DEFA5,HOXD10,HTR3C
SLC47A1,LGR5,hsa-miR-3653-5p,hsa-miR-1228-5p,HBG2,DAW1,hsa-miR-377-3p,VWA3B,hsa-miR-33a-5p
ANKRD33,LYPD3,ACP5,MROH6,CCR2,RP11-680F20.9,KCNAB1,RSPO2,TTC24
CABP7,IL31RA,CTD-3096M3.1,TSPAN1,GPSM3,GPR158,MAPT-IT1,MAGEA12,HLA-DQB1-AS1
RP11-180P8.1,HIST1H2BO,KRT24,ITIH6,SAMSN1,RP11-1007G5.2,hsa-miR-4726-5p,FOXA1,GIMAP8
LRRC53,ITLN1,TNS4,PRSS12,OXER1,CPAMD8,XKR3,POPDC3,U62631.5
HIST1H2BD,GJB6,AC079613.1,IKZF3,PILRA,KCNAB1,TRIM46,DRGX,FGFBP1
MFSD2A,TTBK1,SLURP1,hsa-miR-450a-5p,FPR1,RP11-102K13.5,PCDH11X,FOXE1,SERPINB13
PLAC4,NPY5R,MYRFL,SCG2,CSMD2,RP11-107E5.3,SNX10,CYP2F1,IRF4
KCNAB2,MIA-RAB4B,CKMT1A,HMX2,SLC16A6,AC130469.1,APOH,LY6D,CTAGE15
STAR,SHD,XKR3,hsa-miR-424-3p,S1PR4,RP4-550H1.4,L1CAM,APOE,CTD-2196P11.2
RP11-861A13.3,SPANXB2,LINC01447,RP3-393E18.2,KLRC3,PRLR,CPS1,SHISA8,CA10
RP11-713C5.1,AC005532.5,GAPT,WISP3,EBI3,FSIP2,TMEM190,TMEM190,PCP4L1
RP11-326C3.15,RNF103-CHMP3,LY86,AC133785.1,FYB,RP11-244B22.10,hsa-miR-1180-3p,CD38,SGCG
RP11-64B16.4,LAT2,FABP7,ADRBK2,ARL11,IL6,CELA3B,SOWAHD,XKR9
XKR7,AC023672.2,hsa-miR-130a-3p,GPR18,NPL,ARHGAP25,SIGLEC5,TMEM253,APLP1
LILRA5,SLC6A14,CLEC17A,CRX,LRRN4,GPR87,SLC47A1,L1CAM,hsa-miR-628-3p
LLNLR-470E3.1,SLC27A2,hsa-miR-590-3p,SLC35D3,VAV3,DUOXA1,RP11-73O6.3,MIOX,RP11-326C3.15
RP11-410N8.3,MUC6,HLA-DRA,HOXA5,PIK3AP1,LINC01300,hsa-miR-670-3p,MS4A1,GKN2
PTGDR2,ALDH3A1,TRPV2,LRMP,NFAM1,HSD17B6,NEK2,IPCEF1,ZNF804A
GRIA3,hsa-miR-450a-5p,RP11-1036E20.9,KLRC3,CDC20B,AC009133.17,CAMP,NTF4,GIMAP7
ADAP1,hsa-miR-223-5p,SLC28A2,TNFRSF19,GNGT2,XK,hsa-miR-548ba,SCGB1D2,CRACR2B
CTD-2587H24.5,hsa-miR-424-5p,hsa-miR-16-2-3p,CTB-138E5.1,SNX20,VSTM2L,LPHN3,ZNF486,SIGLEC1
ITIH5,hsa-miR-126-5p,FAM153A,CDH6,GPR65,PRSS51,RASAL3,LILRA5,PRR9
C11orf21,KAZN,PADI1,C1orf94,FOLR3,XKR3,RP4-536B24.3,PRSS21,FCRL4
CREB5,hsa-miR-139-5p,LINC00669,LCT,PLCB2,ABCA12,ZNF154,SLC22A11,FGF3
ADRA1D,SIGLEC7,LINC01224,CALML3,HAMP,AP003774.1,hsa-miR-592,PRR33,CST6
GPR141,hsa-miR-16-2-3p,OR6S1,UPK3BL,SNX22,RP11-523O18.7,FUT9,RAET1L,MALRD1
MYRFL,hsa-miR-4732-3p,HS3ST6,BPIFA1,TREML1,BAIAP3,ANKRD30A,SPERT,LRRC31
HLA-DQB1-AS1,hsa-miR-4662a-5p,PMP2,SERTM1,ASTL,MUC15,XKR7,NR5A1,CKB
RP11-764K9.1,AP000295.9,UTS2,SLC38A4,CRX,CELA2B,ZG16,ITK,ALPI
RP11-402G3.5,hsa-miR-206,RP11-285E9.6,MSMB,BAALC,hsa-miR-4732-3p,TNS4,TMC7,ALDH3B2
RAB27B,hsa-miR-10b-5p,hsa-miR-887-3p,SPAG6,WAS,HRH3,hsa-miR-1271-5p,SLC39A4,ASPG
AC004009.2,TM6SF1,ANKRD30A,ASB15,KIAA0922,CNIH2,hsa-miR-194-5p,SOWAHA,SLC8A2
ITGAX,hsa-miR-139-3p,RP5-907C10.3,MMD2,NCKAP1L,KCNH6,DDC,HLA-DPA1,GPR123
RP11-449D8.5,hsa-miR-223-3p,SLC47A1,ACTC1,CD53,SRMS,FSTL4,FAM153A,CIDEA
EMR2,hsa-miR-126-3p,hsa-miR-628-3p,RP11-844P9.2,TFEC,LINC01090,hsa-miR-484,MUC17,LINC01234
GP1BA,hsa-miR-342-3p,hsa-miR-548v,C11orf53,AICDA,CREB3L3,KRT24,KLK12,WDR16
RP11-390F4.6,hsa-miR-20b-5p,RP11-346D19.1,HCAR1,IRF8,TYRP1,CYP24A1,HBB,SPIC
RP11-386M24.6,GJB3,hsa-miR-451a,KIAA1244,CD244,CLCA2,RAB42,KLRB1,SYNM
RP11-161I6.2,hsa-miR-486-5p,FGD2,SOX21,OR2A42,LLNLF-158E9.1,hsa-miR-3655,COLGALT2,KAZN
TRIM58,hsa-miR-155-3p,hsa-miR-191-5p,ADRA1A,MMP10,ACP5,DOCK8,KIF14,GIMAP6
RP11-644L4.1,hsa-miR-424-3p,RP11-412H8.2,KLRC4,PZP,C1orf226,CREB5,MMP7,C14orf180
RP11-403A21.1,hsa-miR-342-5p,APOH,UBE2QL1,OLR1,AANAT,AC145110.1,FGD2,PDE7A
NKX2-8,SLC8A2,hsa-miR-184,MAP7D2,OR2L13,MMP25,CABP7,C22orf42,VSIG1
RP11-326C3.14,KIAA1324,RP11-863H1.1,CACNG3,KRT12,LGALS9B,P2RY12,ALOX5AP,BTN1A1
SLC6A19,hsa-miR-891b,CYP24A1,LRRC9,CCR6,WDR87,ACP5,PSG1,SLC6A3
PARVG,hsa-miR-1228-5p,HTR1D,ZAP70,RASGRP2,PPBP,ASB4,GPR1,RETN
C6orf223,CR1L,hsa-miR-95-3p,MMP10,KLRK1,CYP2F1,ZNF695,AKR1C1,SYT10
CTD-2369P2.8,KCNJ6,RP11-415C15.2,TFEC,PGLYRP4,TUBB2B,NOX5,PDCD1,SP8
AC091801.1,CACNG6,hsa-miR-3690,TMEM38A,VPREB3,CR1L,GC,ALG1L,FAM19A4
DEFA6,P2RY12,CES3,KIAA0922,BTLA,ITGB2,hsa-miR-1537-5p,CDHR4,PRR35
RP5-1091N2.9,MS4A7,LINC00111,ATP2B2,KIR3DX1,LPHN3,ALOX5AP,SLC28A2,RP11-442O1.4
IDI2,hsa-miR-103a-2-5p,SNX10,PSORS1C1,KLRF1,MUC17,DNAH11,OVOL1,CNBD1
GJC2,SLC35F3,KCNA7,hsa-miR-4787-3p,FCAMR,KCNK13,COL28A1,PPY,CD300LG
TMPRSS4,hsa-miR-6502-5p,hsa-miR-103a-2-5p,AKR1C4,FCER2,ARHGAP9,KCNAB2,RNF166,CLPSL1
AC004381.7,ZMAT1,IL31RA,FLRT2,FCRL5,TMIE,PRAM1,CPAMD8,ZBED2
CRTAC1,GMFG,RBP3,PLCB2,LRTM1,PIK3CG,ABCD2,CHRNA3,CYP3A4
CXCR6,CERKL,NOX5,HCLS1,hsa-miR-203b-3p,MGC32805,NKX2-2,TLX1,RP11-132N15.3
AGXT,ELF5,PIK3CG,CCR1,hsa-miR-3131,RP11-456O19.4,PIK3CG,STAC3,SLFN12L
NUP62CL,PAPL,hsa-miR-139-5p,RUFY4,AC012531.25,AC093642.1,LINC00589,FAM150B,hsa-miR-144-3p
LL22NC03-75H12.2,hsa-miR-363-3p,FLJ34503,SLC9A2,RP5-1011O1.3,GPR17,ADAP1,DNAH2,OASL
AMY1B,hsa-miR-4683,hsa-miR-486-5p,UNC80,LINC01018,VWA5B2,C1QL4,LIPH,APOC3
FUT9,CCL25,hsa-miR-126-3p,TUSC5,LINC01508,PCDH8,CR1L,CELA2A,FPR3
RNF144B,hsa-miR-19a-3p,CRABP2,CD300LB,AC093627.7,TCN1,RP11-321N4.5,ALDOB,LCP2
RBMS3-AS2,FOXA1,hsa-miR-4726-5p,PF4V1,CTB-43E15.1,NPSR1-AS1,hsa-miR-1269a,CHIT1,SCGB1D2
TRBV11-2,HIST1H2BI,LPHN3,CD53,RP11-535A19.1,MAPT,TMPRSS4,TUBB4A,ACMSD
RP5-1042I8.7,MEF2C,C4BPB,GPR174,RP11-108M12.3,CD33,RIMS2,TCEAL6,GPR20
RP11-832A4.7,NME8,AC145110.1,LAMB3,RP5-1033H22.2,ACSM5,hsa-miR-215-5p,ZDHHC22,PCDH20
AC079612.1,HCK,CHI3L2,LYPD4,AGAP1-IT1,XKR7,LHX1,IGSF6,GALNT12
MMP1,SYT8,hsa-miR-146a-3p,TM4SF4,AC012499.1,AHSG,COL6A6,CCL14,TMPRSS11D
TRAPPC3L,PLA2G2A,hsa-miR-1292-5p,INSM1,RP11-542G1.1,KCNA7,RP11-1036E20.9,A1CF,DNER
RP4-799D16.1,AC005256.1,PLCG2,GREB1L,HTR5AOS,FAM150B,UGT1A8,CXCR1,LRRC19
LINC01234,SBK1,RP11-50I19.2,ACER2,RP11-108K3.1,OVAAL,RP11-131H24.4,RBFOX3,SLC27A2
hsa-miR-342-5p,ARHGAP4,SOX21-AS1,OR2L13,LINC01443,ANK1,KRT4,CLCA4,MS4A2
C22orf34,RP11-143A12.3,ZG16,MMP28,RP1-122P22.4,RP11-470L19.2,hsa-miR-16-5p,TAGLN3,MKRN3
EVPL,CYP3A4,DEFB132,FAM215A,SSTR5-AS1,CYP4F2,CXorf21,AFF3,PNCK
RP11-595B24.2,TREM2,MFSD2A,HMHA1,LINC01251,SHANK3,hsa-miR-505-3p,DDX53,BCO1
RP11-96O20.2,DOCK10,MYOCD,RP11-35N6.1,CTD-2089N3.2,GPR34,STAC3,CA14,AMY1B
IL7R,SERPINA5,FXYD4,ZNF257,PP14571,CTD-2566J3.1,DNAH2,TRNP1,MYBL1
hsa-miR-5586-5p,GYPC,hsa-miR-3655,LRRTM1,SATB2-AS1,C2orf54,IVL,COL2A1,RP11-647F2.2
LINC01180,TNFAIP8L2,RP11-416N2.3,KCNT1,OVOL1-AS1,DDX53,STAR,COL11A2,SNCB
CASC8,CD160,NLRP13,HIST1H2BI,AC011899.10,MET,PADI4,MS4A6E,BLK
PLP1,LEP,hsa-miR-1251-5p,GNG13,LINC01124,CD37,SLURP1,KLHL41,PIK3R5
STAC3,MS4A1,hsa-miR-144-5p,FAM222A,RP11-650L12.2,CLEC3A,CACNG6,DNAH11,OR1N2
AP000295.9,FGD3,KIR3DL1,SMLR1,RP11-388K12.2,TLR8,LINC00173,CFAP61,IL22
PRSS21,FLT3,hsa-miR-1537-5p,NOXO1,XXbac-B444P24.8,HIST1H4I,MYOCD,SERPINA11,PGLYRP1
DEFB132,ABCD2,hsa-miR-1271-5p,CLEC12A,LINC01139,DDC,RP11-543H23.1,SEZ6,USP41
ZNF578,PAX5,MYBPC2,FBXO40,RP11-21B23.2,RP13-379O24.2,FLJ34503,NCF2,CASS4
RP11-481J2.2,TLR8,RP11-356J5.13,SIRPG,RP11-74E22.8,FAM3D,P2RY10,MPEG1,AF124730.4
RP11-442O1.4,TMEM14E,JPH1,IL16,RP11-10H3.1,SLC7A11-AS1,BACH2,KLHL14,RP11-534L20.5
LINC00643,PSTPIP2,ZNF578,CSMD2,RP11-284F21.9,AF124730.4,PRAC2,DDX25,HP
OIT3,LYPD4,GALNT5,C5AR1,LINC01079,CTA-384D8.31,hsa-miR-490-3p,GLRA2,ATOH1
GABRQ,C12orf42,AOAH,TDRD10,RP5-984P4.4,OR2H1,hsa-miR-505-5p,SLC22A9,FCGR1B
SOST,PSG8,hsa-miR-377-3p,SLC22A31,LINC00460,C11orf21,MS4A7,GRAP,hsa-miR-340-3p
CTD-2529P6.4,DEFA4,RP11-431K24.1,NPIPB9,CTD-2210P24.3,FCRL2,CSMD3,TBX15,MS4A1
OTX1,SLC7A9,CST4,GZMA,RP11-367G6.3,LINC00111,C1orf226,ANLN,CD300LF
LILRB1,NRXN1,RP11-523O18.7,PCDH9,AC008937.2,LINC00954,TYROBP,C5orf46,IL18RAP
RP11-468H14.2,OR5AK2,RP11-411K7.1,PLEKHO1,AC013271.3,CD1D,hsa-miR-205-5p,ZNF560,SCGB3A1
TMEM59L,MMP12,GTSF1L,SLC26A3,AC010969.1,CTD-3138B18.4,XCL2,ATG16L2,HAPLN2
RP11-219E7.1,PRR9,C2orf82,SLC9A4,RP11-278A23.2,SMIM2-AS1,LINC01447,PTPRZ1,RP11-862G15.1
FAM178B,KLHL14,SLC9A3,TINAG,RP4-809F18.2,SLC6A14,C1QL1,EXOC3L1,FERMT1
ZNF695,HPGD,CSMD3,MUC21,RP4-644L1.2,IL7R,RP11-415C15.2,CCL25,TNFRSF9
SCN10A,OTOP3,L1CAM,SPINK5,CTD-2525I3.6,TFF2,CFAP99,ZBTB32,SLITRK6
RNF166,VPREB1,RAB42,4-Mar,CTD-2373N4.5,RP11-495P10.5,AC144450.2,SMAP2,PCDHA5
hsa-miR-223-3p,HIST3H2BB,ATP2C2,SULT1C3,RP11-360F5.3,ZNF716,TLR8,TRAPPC3L,MEF2C
DNAH2,KRT25,C19orf35,AQP2,CTD-2532N20.1,CD247,PDZD3,CYP4F2,GJD2
TRIM50,TDGF1,TACR2,FAM150A,AJ003147.11,BCL2L14,RP11-766F14.2,CACNA1A,RP11-327F22.1
hsa-miR-1258,HBM,hsa-miR-670-3p,DLX6,AC007036.6,SEPT6,ARHGAP4,STAR,AOC1
hsa-miR-4732-3p,CMBL,hsa-miR-1180-3p,RHBDL1,CTD-2020K17.1,C10orf128,C2orf82,GPR119,RP11-116D2.1
RP11-48B3.4,C6orf15,UGT1A8,FAM57B,RP11-80H8.4,hsa-miR-4668-3p,TRIM58,GUCY2F,WFDC12
ANKLE1,KCNIP2,DCAF12L1,F7,RP11-197K3.1,RP11-407H12.8,RP11-756G20.1,GMFG,SSTR1
hsa-miR-618,NKX6-2,C6orf100,OMP,CTD-2528A14.5,KLHL14,LINC00996,TUBB2B,APOC1
LA16c-380H5.4,SCN11A,RP1-77H15.1,CRISP2,LINC01058,CALHM3,BTNL3,ALS2CR12,L1TD1
XKR3,LRRC31,hsa-miR-501-3p,OOEP,RP11-58E21.7,C5orf38,ANKRD33,ERBB4,CYP4F8
hsa-miR-342-3p,RETN,hsa-miR-484,ISL1,RP11-254F7.3,CLPS,NXPE1,CXCR6,RGL4
hsa-miR-4787-3p,TBX21,hsa-miR-205-5p,C9orf152,LINC01114,AC023590.1,hsa-miR-7702,PIGR,TGM5
hsa-miR-4662a-5p,KIR2DL1,MOGAT1,HIST1H2BG,CTD-2008L17.2,APOA4,CNBD1,GRIN2B,LINC00707
P2RY13,SYT14,hsa-miR-215-5p,SSTR2,RP11-876N24.4,IGFLR1,CLEC17A,CARD18,TXK
RP11-321N4.5,GGTLC1,EVL,BCAN,AC006272.2,SYT13,SCN10A,LYL1,KMO
RP11-283G6.5,S1PR5,IVL,HS3ST4,CTB-41I6.1,G6PC,AGXT,C10orf128,ACADL
APLN,LINC01331,KRT222,IYD,CTD-2313F11.1,RP11-484O2.1,CTD-3096M3.1,WDR87,CFAP46
U47924.27,DSG1,ASB4,OR5AK2,MIR600HG,LPXN,SOX15,PI3,SBK1
COL6A6,CASP16,RIIAD1,MMP12,CTD-2332E11.2,MAGEA3,NR5A1,ITPKA,AVPR1B
GTSF1L,LILRA1,hsa-miR-3074-5p,SLC7A4,RP11-960L18.1,IPCEF1,AJAP1,C19orf38,GPR142
RP11-534L20.5,CXCR1,CDH23,VIPR1,AC144835.1,NPHP3-AS1,hsa-miR-1976,TRIM58,SCGN
hsa-miR-146a-5p,WDFY4,RP11-761I4.4,ASIC4,FAM53B-AS1,SLC6A19,FAM153A,UGT1A8,NKX2-1
ARX,ANKRD30A,RP11-128B16.3,STX1A,AC007386.4,C1QL4,APLN,PTK6,SP140
hsa-miR-124-3p,CD300LF,C1QL1,KCNH5,RP1-47M23.3,MS4A15,PMP2,NPFFR2,MAP3K8
RP11-114G11.5,ZC3H12D,CD1D,SCN11A,VAV3-AS1,MS4A14,ZP3,PALD1,RP11-771K4.1
SIGLEC7,LRP2,hsa-miR-16-5p,DSCR8,AC079767.4,SHISA7,CD1D,UGT1A4,FAM25A
MS4A7,RTBDN,CCDC108,TBX21,LY86-AS1,ANKLE1,IL7R,hsa-miR-30e-5p,MOGAT2
hsa-miR-766-3p,MNDA,hsa-miR-505-5p,KIR2DL1,AC012123.1,NR5A1,MOGAT1,PRKCG,HMHA1
CXorf65,C19orf38,KCNG4,FAM159B,SMLR1,LINC00444,hsa-miR-1304-3p,TMEM132D,KIAA1324
TFAP2B,AJAP1,hsa-miR-505-3p,COL4A3,MAPK15,SHISA9,TDRD5,hsa-miR-4665-5p,KLRD1
AC114730.3,IKZF3,hsa-miR-3614-3p,PLIN4,ITGA3,RP11-1036E20.9,EVPL,CLEC17A,C2orf61
TRIM40,SIAH3,hsa-miR-194-5p,FBXL16,DEGS2,ITPKA,LINC00111,SHISA9,UNC93A
RP11-862G15.1,RP11-30O15.1,CPAMD8,CDH10,ATG9B,ADRA1D,hsa-miR-3614-3p,PLEK,CGB
NKX1-2,P2RY8,APOE,GCG,FAM222A,TMEM132C,CCDC108,IL12RB1,EVX1
PIK3R6,ITLN2,MMP7,NECAB2,CYP4F8,TRIM58,RIPPLY3,EMX1,PRAME
SOX15,KISS1R,AKR1C1,RP5-1011O1.3,GSTT2B,FCGR3A,ZNF730,GCK,HIST1H2BC
RP11-304L19.3,CD72,RP11-766F14.2,VAV3-AS1,FOXB1,HSD11B2,PLCG2,TNFSF8,ITLN1
RP11-374M1.2,CCM2L,NTF4,LYPD2,CEACAM7,RP11-9G1.3,hsa-miR-33a-3p,C10orf105,HIST2H4A
IL12RB1,MCEMP1,PIK3R6,SCRT2,SDC1,SERPINA11,ATP2C2,MS4A14,TGM3
MIR31HG,SHISA7,RP11-742B18.1,LRCOL1,CHRNA9,AP000295.9,C19orf35,C19orf35,CALY
GLYATL3,RAB42,CREB5,RHBDL2,PCDHA5,OIT3,RASSF4,TMEM59L,SYCE3
RD3,CD1C,hsa-miR-7702,CTD-2210P24.3,HOXA5,NCF2,RP11-523O18.7,TMEM52B,UBE2U
RP11-187E13.1,NUP62CL,C6orf223,CRCT1,ESRP1,TCP11X2,ITIH5,SEPT6,SYTL5
ACTL6B,TAC3,IDI2,RP5-984P4.4,GDNF,RP11-326C3.14,HS3ST6,GRIA3,PIH1D3
CREB3L3,PLEK,ADAP1,OR2C3,NYAP1,CACNA1A,CCR7,SCN10A,AC013275.2
CXorf21,LILRB1,TIGIT,KCNIP2,LRRC24,RFX6,GPR158,TYROBP,HOXA6
GIMAP1,SLC5A10,MTNR1A,GRAMD2,KBTBD12,RP11-11C20.3,AC098828.2,CNIH2,BTBD11
RP11-114M1.2,ABHD17C,CTD-2589M5.4,LY6H,HIST2H4A,FUT9,RP11-93K22.13,SPRR1B,LYPD8
DIAPH2-AS1,CAMP,AKR1B10,hsa-miR-4662a-5p,SLC35D3,AC079466.1,LGALS9B,CXorf65,CYP4A22
hsa-miR-32-5p,RP1-45N11.1,LMAN1L,HBM,EDAR,CTD-2291D10.4,AKR1C1,THRSP,DHDH
P2RY10,RP1-232L24.3,OTOGL,RP11-126K1.6,MEGF10,FSTL4,KLK7,hsa-miR-605-5p,RP11-75L1.1
MMP25,RP11-278H7.5,ARHGAP4,KCNJ10,HSPA1B,S100A14,hsa-miR-200b-5p,BEST2,KCNC1
RP11-116D2.1,RP11-552D8.1,OR6K3,TTC6,HMGA1,RP4-555D20.1,TNFSF8,ABCC8,PREX1
PIK3CG,PCSK2,hsa-miR-545-5p,GGTLC1,GBP6,CEMIP,RP11-863H1.1,GALNT5,PCSK2
hsa-miR-616-5p,RP5-966M1.6,RP11-428K3.1,HBA2,MET,hsa-miR-19b-3p,RP11-285E9.6,IL7R,LILRB5
CHRM3-AS2,hsa-miR-144-5p,CR1L,hsa-miR-93-3p,SLC17A6,SOST,hsa-miR-545-5p,VAT1L,ESX1
RP11-115H13.1,hsa-miR-451a,hsa-miR-1304-3p,PRKCB,GRIA3,NKX2-8,LINC01224,CLEC4E,SV2B
U62631.5,TBC1D10C,GPR1-AS,SIX2,KCNB1,RSPO2,DEFA3,KLK6,LINC01297
hsa-miR-4668-3p,C1QA,MAB21L2,APELA,MELK,CNTD2,GIP,LCP1,PXT1
LINC00563,AIM2,STAC3,SLC6A17,TRNP1,RP11-285E23.2,hsa-miR-145-5p,CRYBB1,CYP27A1
UGT1A4,ARHGAP9,RP3-455J7.4,NEUROD1,FGF14,CDCA7,MAB21L2,KCNN4,CACNA1A
PPY,PHOSPHO1,hsa-miR-548ba,ANKDD1A,SYCE3,CTD-2215E18.1,hsa-miR-581,KAZN,MYO1A
FAM153C,PCDH15,SFTA2,RP11-118A3.1,KRT3,ZNF831,CKMT1A,PAX3,EPHA5
hsa-miR-19b-3p,GJB5,KCNAB1,DEPDC1B,PRKCG,U47924.27,DCAF12L1,KBTBD8,FGR
AF124730.4,BTNL3,GJC2,PON3,NCBP2L,GIMAP6,SHISA7,TNFRSF13C,CGA
TMEM255A,FCER1G,hsa-miR-592,PLS1,LPHN3,D4S234E,RP11-346D19.1,RP1,SLC7A10
LINC01436,HOXA10,hsa-miR-1976,FGF14,GRAMD1B,DLX2,PDLIM3,FSIP2,LAMA3
CTD-2089N3.1,POU2F2,ATG9B,HAMP,MYL2,PADI1,FSIP2,ITGAX,AK5
ACP5,ZDHHC22,hsa-miR-145-5p,CD84,TOB1,EVX1,ISX,ABI3,TBC1D10C
CD160,CCL14,RP11-53B2.1,PSMA8,TLX3,hsa-miR-616-5p,BCL2L14,C11orf86,C19orf81
RHCG,CD37,hsa-miR-424-5p,RESP18,CDC20,GC,SFTA2,APOBEC3A,SERPINC1
DES,AIPL1,PRAC2,EBI3,KIF14,GPC5-AS1,RP11-761I4.4,CGB7,CORO1A
MMP3,MAPT,hsa-miR-581,THEMIS2,CBLC,RP11-613C6.2,OIT3,SUSD3,ATG16L2
LINC01037,SPATA21,hsa-miR-1269a,CECR1,EFHC2,hsa-miR-767-5p,hsa-miR-424-5p,FCGBP,MMP13
RP11-102L12.2,PVALB,RP11-764K9.1,IL2RB,EIF4E1B,C6orf223,AMH,TCEAL2,RP11-345L23.1
LA16c-352F7.1,PYY,FUT7,GBP5,ALDOB,CCR7,SLC6A19,PRDM12,hsa-miR-548v
RP11-286H15.1,KRT14,hsa-miR-490-3p,RFPL4A,MALRD1,C11orf44,PPBP,BTNL8,XAGE5
CTD-2196P11.2,UPK1A,RTBDN,TRIM22,CYP4Z1,TNFRSF13C,DSG3,AXDND1,SLC35F4
hsa-miR-196b-5p,AC093375.1,LINC00311,LHX5,MYPN,GUCY2F,hsa-miR-450a-1-3p,AMY1B,IL4I1
CDHR5,RP11-345L23.1,AC098828.2,FABP6,GNG13,SCN10A,RHCG,C1QL1,COL11A2
FCRL3,CRYGD,RP11-93K22.13,MIA,CRCT1,CD38,IL31RA,GDF7,FAM78A
RXFP4,ARHGAP25,GPR158,SPDEF,SERPINC1,THRSP,CTD-2589M5.4,TMEM92,PPP3R2
hsa-miR-767-5p,ACTG2,CACNG6,CHRM2,E2F7,RP11-415C15.2,ATG9B,HIST1H2BC,ATP6V0A4
GPR98,CNTFR,LINC00987,LHFPL4,SOWAHA,ATG9B,CDH23,CXorf21,B3GNT6
FOXE1,SOWAHD,CRTAC1,MORN5,TMEM92,C5orf46,SMIM5,PIK3R6,HS3ST6
hsa-miR-497-3p,CFTR,CTC-137K3.1,GAS2L2,C6orf223,TNFSF8,LMAN1L,ARL14,LGR5
hsa-miR-4632-3p,KLHL30,GNGT1,EYA1,AK5,PRAC2,RP11-1101K5.1,MYADML2,KCNN4
1-Dec,SBSPON,hsa-miR-135b-3p,IL36G,C11orf86,PTGDR2,NUGGC,TGFB3,ZNF727P
C1QL4,RP11-946P6.6,ALOX5AP,DUSP26,NDNF,AC079612.1,RP11-356J5.13,UNC79,RP11-415C15.2
ISX,CSF3R,RAB27B,TCEAL5,DHDH,MIR223,hsa-miR-93-3p,TMEM40,STMN4
ABHD17C,SLC15A3,RP1-102K2.6,RBP2,PLS1,RP11-485G7.6,AC006262.5,POU2F2,S1PR5
CPS1,ABCA13,TRPM5,DNAJC5B,FFAR1,hsa-miR-4662a-5p,RP1-77H15.1,CD72,CRYGD
GPR158,NKG7,XKR7,ARHGAP36,TPX2,LILRB1,TCEAL2,HBD,BTNL9
IGSF6,FAM187B,PLP1,RHOH,PITX2,SOX15,ITLN2,NME8,SHD
CNBD1,CABP7,DNAH2,LGI1,CKB,MNDA,RP11-416N2.3,MASP1,CD72
hsa-miR-454-3p,DQX1,hsa-miR-658,CDHR3,HS3ST6,TMPRSS15,NUP62CL,RIMS2,STAB2
RP11-340F14.6,hsa-miR-144-3p,RP11-680F20.9,hsa-miR-3131,MAS1,OFCC1,ARHGEF16,OFCC1,RP11-126K1.6
NXPE1,SHISA9,CXCR1,SLC30A8,PON3,SCGB2A1,KCNK16,VENTX,CIB4
TDRD5,THEMIS,RP11-814P5.1,RP11-388K12.2,CFAP45,EPB42,GJC2,KRT19,FENDRR
LIPK,AMER2,NLRC4,RPTN,FAM19A4,ZNF578,GNGT1,GAPT,RASGRP4
RP11-89K21.1,LY6H,hsa-miR-33a-3p,CD226,CALML4,PADI4,RP11-50I19.2,HEPACAM,RP11-161I6.2
DSG3,PRSS21,FSIP2,RP1-47M23.3,FAM131C,MS4A7,MS4A15,ARHGAP4,RTP5
TRIM46,SCN4A,FUT9,KNG1,INSM2,GALNT5,CPAMD8,EPB42,TMEM257
RP11-326C3.12,IFFO2,LINC00494,CCM2L,HIST1H2AM,NME8,ICAM3,CYP4A11,INSM2
ZBBX,TGFB3,DEFA3,HOTAIR,CAPNS2,RP11-102L12.2,hsa-miR-658,CNTNAP4,ELANE
ZP3,MYRFL,A2ML1,FFAR1,OASL,CXCR6,SOST,HBA1,DMRTC2
NEK2,USP44,RP11-527L4.2,SLC17A8,LAMB3,AC091801.1,CREB3L3,AP000295.9,KRTAP29-1
EOMES,IDI2,PDZD3,CCL3L3,ESX1,LINC01180,FAM83E,RFPL4B,PAPL
RIPPLY3,CSNK1A1L,hsa-miR-200b-5p,LILRB4,ARHGEF16,LRRC53,AP000295.9,OR2H1,CASP14
SLC28A2,CHGA,SCUBE1,RP11-95M15.1,MLNR,GRIA3,UTS2,MYOCD,MS4A10
TMEM132B,SUSD3,RP11-449D8.5,FYB,PSORS1C1,COL2A1,C6orf99,GSDMC,HSF5
CKMT1A,COL6A6,C1orf226,CCDC178,PRB3,CRHBP,hsa-miR-135b-3p,RASAL1,SLC22A12
JPH1,C11orf21,PIGR,LILRB3,KLHL30,DNAH2,ITGB2,XKR7,TP73
SLC10A2,PATL2,RP1-90G24.11,MTRNR2L11,IRX5,SERPIND1,KRT222,CTB-133G6.1,GSTT2B
CLCA4,CDHR1,hsa-miR-26b-5p,PILRA,FABP7,SLC6A8,RP11-431K24.1,CES3,APOBEC4
RASSF4,SLAMF6,RP11-180P8.1,NLRC5,C1orf226,HOXB13,GPR1-AS,AMHR2,AGT
HTR1D,DPEP2,CELA2B,ZIC2,TRIM46,CTD-2369P2.8,CXorf65,RLTPR,JPH3
KLK7,TCL1A,hsa-miR-552-3p,RETNLB,USP41,CEACAM20,SH3GL2,HYAL4,GAL
CES3,IGSF1,SIGLEC14,NTSR1,GALNT12,CHST6,HSD11B2,FAM81B,ACSM3
CRABP2,FBXO40,FAM83E,SPOCK3,ALOX12B,APLN,FEV,C6orf15,ARL14
RP11-613C6.2,CLEC4E,hsa-miR-3191-5p,C9orf24,PEG10,C6orf99,P2RY13,PITX1,BCAS1
GC,GRB14,hsa-miR-93-3p,AMY2B,EPS8L1,CXorf65,RP11-326C3.15,HTR1D,TDGF1
TACR2,BAIAP2L2,ABCA12,ONECUT3,TAS2R38,FCRL3,FAM101A,KLRG1,PAPPA2
EVL,SLC28A2,PRSS51,FOXD1,PTGS2,ANKRD33,APOA1,CCDC114,MS4A6E
COL28A1,NOXO1,CSNK1A1L,SBK2,CERS1,SIGLEC7,RP11-449D8.5,CD300LF,SAA2-SAA4
RP11-647F2.2,CLEC12A,RP11-81H14.1,HR,SPAG4,WI2-2373I1.2,NLRC4,FCRL4,TM4SF20
HSD17B6,CYTH4,HPR,TNNI2,HIST1H2BN,FAM178B,ARHGAP9,AKAP7,MTTP
CHI3L2,COL4A3,TMPRSS4,NPIPA7,SFTPA1,PIK3R6,DSG1,RTBDN,PITPNM3
NLRP13,CD52,FAM178B,LRRC4B,FGL1,NPY4R,HPR,MAB21L2,C6orf99
GAPT,ATP4A,PABPN1L,AZGP1,EPHA10,PPIAL4C,hsa-miR-3191-5p,SLC6A18,FAM153B
RP11-322E11.3,PLIN4,hsa-miR-627-5p,COL19A1,CGN,CACNG6,SLC28A2,CHST6,BEND4
FXYD4,SAGE1,ANKRD33,RASGRP2,FAM101A,FASLG,LPPR3,KCNA7,PSG3
HLA-DRA,NR0B1,FASLG,H3F3C,RAB25,RP11-133K1.12,EVX1,PPBP,PRB2
RP3-448I9.2,NPFFR2,KCNAB2,IRF8,C10orf126,KRT2,CDHR5,ITIH5,WNT8A
TRPV2,PNOC,hsa-miR-450a-1-3p,ATP1A4,SOST,PITX1,AC093627.11,GJC2,GZMM
PADI4,AMHR2,RP11-1101K5.1,PYGB,C20orf195,ITGB7,RP11-1055B8.9,AIPL1,ZIC5
C4BPB,FAM65B,AANAT,NCKAP1L,TEX19,BTNL3,FASLG,ARX,C1QTNF9B
LY86,PADI1,RP11-227L6.1,ETV4,IQSEC3,STAR,MAPT,KIR3DL1,GATA5
UTS2,SIRPG,APOA1,CXCL6,RHBDL2,PRR33,RP3-448I9.2,CEA,hsa-miR-203a-3p
OR6S1,IL16,HIST1H2AM,CD244,HOXD13,MAGEA12,RP11-12J10.3,CSNK1A1L,RAB26
KCNG4,STX16-NPEPL1,hsa-miR-7-5p,ADAP2,PCP4L1,hsa-miR-766-3p,PABPN1L,LHX1,FAM129C
FGD2,TRIM46,RP1-278O22.2,AC079767.4,USH1G,OTX1,AC079613.1,IDI2,LRMP
MYBPC2,UGT2B28,MS4A15,NDUFB8,KLK8,RP11-101E14.3,LINC00494,CEACAM1,PCDHGA1
RP5-907C10.3,C22orf42,LILRB1,hsa-miR-511-3p,TMEM38A,GTSF1L,NME8,SLC5A10,LYPD3
ALS2CR12,SYCN,SMIM5,CTC-573N18.1,TCP11X2,DEGS2,RFX6,LRP2,CALML4
RP11-411K7.1,SMIM21,IL7R,BAALC,KRT9,PRSS3,SIGLEC14,PRAC2,SIRPD
hsa-miR-4772-5p,hsa-miR-26b-5p,RP11-314M24.1,MYPN,DMBX1,SMIM6,TRPV2,CAPN8,FCN2
RIIAD1,hsa-miR-128-1-5p,RP11-234B24.2,CFB,NAPRT,CCK,CTC-137K3.1,SCEL,S100A7
KIR3DL1,SFMBT2,CFAP99,COL17A1,SLC39A5,RP11-321N4.5,B4GALNT2,TDRD5,C8G
RP3-455J7.4,MYBL1,MS4A7,NXPH1,PYGB,DEFB132,DPCR1,MUC5B,KLRB1
RP11-53B2.1,4-Mar,UGT2B4,S1PR4,AGT,KCNK16,XK,A2ML1,RIC3
C6orf100,NPIPB9,FOLH1,FTCD,CENPF,FEV,CST4,MMP1,DMBT1
RP1-102K2.6,GZMA,RIMS2,OLR1,GABRQ,CDH16,CRTAC1,ZBBX,KLHL6
hsa-miR-206,KIF17,AC006262.5,PRKAR2B,FSTL5,SDR16C5,PHOSPHO1,S1PR5,CYP4Z1
LINC00669,PCDH9,TLR8,CD300A,FHDC1,RFX4,LY86,HIST1H1C,CYP26A1
A2ML1,SULT1C3,AC007278.3,DMBX1,UGT8,LINC01207,NLRP13,TMEM132B,GRPR
LINC00987,hsa-miR-501-3p,FEV,KRT81,RBP3,APOH,FCGR3A,C1orf226,RP5-966M1.6
NTF4,SOX17,EMR2,MYH11,FBLL1,MMP3,RP11-771K4.1,ABCD2,NCAN
RP1-90G24.11,CCKAR,XK,FGL1,DDX25,FCRL4,SLC6A8,GJB6,BIN2
TM4SF19-AS1,SDPR,hsa-miR-1224-5p,CELF2,SMOC1,ZNF560,GPR17,LIMD2,GAD1
RP11-81H14.1,CRYBB1,CHD5,SNX20,LCN2,COL28A1,GAPT,LHX8,SASH3
LINC01259,PLEKHO1,SLC6A19,AHSP,WDR72,SPACA4,HTR1D,KRTAP29-1,DCSTAMP
RP11-297C4.2,MMP24,IL1R2,NFAM1,CFAP46,NEK2,CXCL17,APOH,SLITRK1
RP11-527L4.2,ANKDD1A,PRUNE2,PIK3AP1,RDH12,TBX15,TCN1,CRYGD,C1orf87
TIGIT,SERPIND1,DPCR1,VAV3,CST6,PSG9,GPRC5A,RIPPLY3,TMEM217
RP11-428K3.1,GRAPL,hsa-miR-192-5p,XIRP1,SH3GL2,RP11-326C3.12,G6PC,LGALS4,HMGCS2
AOAH,PRR33,TM4SF19-AS1,TCL1B,PRSS12,CXorf21,CRABP2,HMGA2,TMPRSS6
RP11-227L6.1,SH2D3C,RP11-713C5.1,TMEM26,GDA,ITGAX,CDH16,DPEP2,ANXA10
SPTSSB,SLC2A6,OIT3,FCN2,VAT1L,C9orf139,TPX2,SLURP1,BPIFB2
RP11-685G9.2,SI,FAM26F,SNTG2,SLITRK3,PLP1,TRPM5,CNTD2,ARHGAP28
MTNR1A,CASP14,CNBD1,SLC34A2,KIF4A,AGXT,HBA1,DEGS2,C20orf195
RP11-412H8.2,SLC26A3,STAR,FABP2,MTUS2,AC006262.5,RAB27B,JPH1,CD38
RP11-314M24.1,SLC9A4,FAM101A,LGI3,UGT1A4,ZBTB32,ABCA12,CERKL,APLN
RP11-814P5.1,TDRD15,SBK1,VSIG2,HES5,ITLN2,FOLH1,CYFIP2,SPRR2D
LGALS12,CTD-2207O23.3,LINC01259,C1orf194,UGT1A9,SAGE1,AC002511.3,CABP7,PAPLN
AC090627.1,SLCO4A1,LINC01090,LGALS7,CGB7,ABHD17C,FGD2,SYT13,ZG16
ARHGEF16,KLK6,hsa-miR-128-1-5p,ZSCAN4,PRR15,PHOSPHO1,HLA-DRA,CLPSL1,LGALS4
RP11-128B16.3,FEZF1,hsa-miR-3920,CORO2A,RGS20,AC145110.1,OR6S1,HSF5,ZNF729
AKR1B10,UGT2B11,CNTNAP5,IL36B,SEC14L3,ISX,hsa-miR-552-3p,APOC2,MLPH
LINC00311,MAGEA4,hsa-miR-144-3p,LEFTY2,SLCO1B7,DCAF12L1,PIGR,CLPS,RAET1L
hsa-miR-6810-3p,CSMD2,RP11-64B16.4,KIR2DL3,PPL,AGR2,RP11-832A4.7,NEU4,HIST3H2A
SH3GL2,IL36RN,hsa-miR-6803-3p,RTP5,LGR6,RP11-218E20.3,FUT7,CKMT1B,LPPR3
SLC9A3,EMX1,RP11-12J10.3,RDH12,UPK1A,KRT222,hsa-miR-26b-5p,PLCG2,NR0B1
AC079613.1,APOBEC1,HRH3,IL34,CLVS2,hsa-miR-139-3p,hsa-miR-7-5p,MYRFL,ZBBX
RP11-742B18.1,LRRIQ4,IL6,TMC8,MAS1L,RIMS2,INA,VWA5B2,AC002511.3
OTOGL,LYL1,AC021188.4,RP11-356N1.2,ANO7,MMEL1,RP11-680F20.9,CALHM3,PHLDA2
CST4,TMEM257,RP11-297C4.2,RIMBP2,LIPH,CD180,JPH1,ITGA4,NKX1-2
HPGD,ZNF727P,LINC00595,PAEP,SIX2,PRSS21,CES3,ZNF695,RP11-277P12.20
RP11-272B17.2,DES,SLC7A14,DUSP9,NUP62CL,CDHR5,RP11-412H8.2,SRMS,TREM2
VWA5B2,C1QL1,AP000295.9,FAM156B,TMEM61,CTA-363E6.2,MMP1,SULT4A1,SOWAHD
CTD-2354A18.1,SLC6A19,C1QL4,CRABP1,MAL2,RP11-20G13.1,KIR3DL1,KCNK16,hsa-miR-450a-1-3p
LINC01470,VSTM2A,RP11-321N4.5,CHRNA9,KRTDAP,GIMAP1,LINC01180,P2RY12,TAGAP
SOX21-AS1,KISS1,ARMC3,PDE4C,RAB27B,hsa-miR-124-3p,CHI3L2,SLC6A19,SLCO1B7
MARCO,C6orf58,hsa-miR-539-3p,hsa-miR-503-3p,C11orf44,PRIMA1,CNTNAP5,RP11-20J15.5,RGS20
EMX1,LRRC26,APLN,CADM3-AS1,UNC13C,RP11-390F4.6,RP11-132N15.3,ARMC3,RP11-374F3.5
TPX2,MAGEA6,C2orf54,GNG4,B3GNT6,RP11-121A8.1,DES,KRTAP4-1,GLRA2
COLGALT2,KCNJ10,AGXT,TOX3,TMEM253,FOXH1,ENTPD8,MEGF10,CXCR2
APOE,DDC,LINC00051,hsa-miR-766-3p,PRR35,BCL11A,MET,CDHR1,UNC45B
VAT1L,TINAG,RP13-379O24.2,MELK,SLC2A1,DIAPH2-AS1,RP11-764K9.1,SIGLEC7,LY6D
RBP3,MUC21,CCR7,PADI6,TNNC2,MYOCD,MYBPC2,HIST1H4I,NXPE4
SPATA13,PPP1R14D,hsa-miR-133a-3p,CTD-3064H18.4,DEPDC1B,CTD-2619J13.13,AMY1B,CHGA,LINGO3
IL31RA,GATA5,hsa-miR-33a-5p,PTPRO,HIST3H2A,BPIFB2,LINC00669,ZNF578,KCP
AC009950.2,CDH12,SPI1,GPR182,CGA,hsa-miR-140-5p,AANAT,HOXA10,PNLIP
RP11-574F11.3,CD68,RP11-685G9.2,SYT10,CDC25C,EIF2S3L,APOA4,MT4,SHISA9
LINC00443,IGFL1,DSCAM,GUCA1C,CTD-2105E13.6,MEF2C,ADRA1D,OASL,LIPK
MYO16-AS1,PNCK,FAM187B,hsa-miR-146a-5p,HCN1,SLC6A18,EVL,GPR17,RP11-304L19.4
hsa-miR-155-3p,RP11-35N6.1,CERS1,PHGR1,SMIM6,CNBD1,FXYD4,C17orf78,CARTPT
OR6K3,PLIN2,SCN10A,hsa-miR-1269a,AIM1L,COL6A6,GRIA3,GPRC5A,C4orf26
hsa-miR-140-5p,CRYAB,NUGGC,hsa-miR-335-5p,TRPM5,LUZP2,ZNF831,ZNF730,NPHP3-AS1
ANK1,NMU,P2RY12,PLIN2,HIST1H3D,NUP62CL,CDH12,GSTA1,KLK12
hsa-miR-891b,TMEM213,hsa-miR-891a-5p,NAPRT,RBP2,SLC47A1,MNDA,IL13RA2,VSIG2
PDCD1,WISP3,TNFSF8,AC013271.3,PPP1R1C,HOXC13,CSNK1A1L,APOBEC4,KRT13
CRYBB1,BRS3,GPRC5A,RP11-629G13.1,FAM132A,POPDC3,EIF2S3L,BTBD11,ALOX12B
RP11-503C24.6,ZNF578,TYROBP,TBX4,RSPO4,GFRA3,TACR2,RCSD1,UBXN10
hsa-miR-155-5p,BTN1A1,RP11-147L13.8,hsa-miR-146a-3p,ULBP2,DES,ATG16L2,HPGD,CYP2S1
hsa-miR-139-3p,DSG3,G6PC,GPR179,LPCAT4,EOMES,HRH3,AP006285.3,hsa-miR-670-3p
MMP7,SLC30A2,HIST1H2BD,SLC39A2,SLC22A9,CPS1,RP5-907C10.3,CYP3A5,SMIM21
RP1-76B20.11,ALG1L,PPBP,CTNNA2,GPHA2,RLTPR,C4BPB,FXYD4,SPINK13
RP11-65J3.3,TXK,HMP19,FOXA3,LRRTM3,RP11-126O1.6,BAIAP3,LIPE,HIST3H2BB
hsa-let-7g-3p,CD53,ADRA1D,GRM8,C19orf81,RP11-106M7.1,GPR34,ALB,RPRML
TUBAL3,FER1L6,EGOT,PNMT,C17orf77,RP11-1080G15.1,DTHD1,KCNAB2,AGR2
RP5-1071N3.1,SPN,ZNF154,YPEL1,FBN3,RP11-131H24.4,UGT2B4,TMEM114,MAGEA6
RP11-268G13.1,NPY1R,RP11-574F11.3,ANXA2R,CHRNA3,RP11-543H23.1,A2ML1,DLX2,LRRC53
AC067945.4,ITGAX,SFN,GNGT2,EDN3,XCL2,TMEM253,GRM4,FLJ43879
AC007278.3,PPP1R17,SOST,WNT4,SYT10,DTHD1,FAM153C,KRT24,PLA2G2A
KCNA7,PPY,hsa-miR-4724-5p,MUC5AC,SMAGP,EXOC3L1,CLEC9A,EMR2,EDAR
CTD-2370N5.3,FUT7,KRTAP5-5,NPL,PRUNE2,UGT1A4,SOX21-AS1,RASAL3,MYOCD
TMEM253,HLA-DOB,TMEM132C,HAVCR1,CYP4A11,TRAPPC3L,hsa-miR-10b-5p,PRODH,EEF1A2
RP11-661A12.9,CAPN8,hsa-miR-450a-5p,RUNX3,CMA1,TUBB4A,SPTSSB,FPR3,HOXA11
hsa-miR-22-5p,SCML4,AC093642.3,MUCL1,MAPT,CABP7,MGC32805,PPP1R14D,SYNPR
hsa-miR-934,MAP3K8,MUC15,ANO7,MYT1L,CDH23,LAIR1,MYBPC2,MUC2
hsa-miR-6502-5p,UNC45B,hsa-miR-31-5p,GPIHBP1,NGEF,MMP24,RBP3,HAO1,SLAMF6
SLC6A8,PI3,ITIH5,HOXD13,ZP3,LINC00494,PDCD1,SLAMF6,RP11-119J18.1
NME8,ANXA8,hsa-miR-892a,CTD-2528A14.5,AP006285.3,RP11-96O20.2,RP11-234B24.2,CRTAC1,ARHGEF6
hsa-miR-1228-5p,FGR,TYRP1,PCK1,AGTR2,FAM153A,RP1-278O22.2,TFAP2B,ACE2
SIGLEC11,TRIM22,GRIA3,RP11-599B13.3,D4S234E,IDI2,SBK1,TNFAIP8L2,KRT72
hsa-miR-423-3p,LAMB3,CDH12,DLX6-AS1,ALX1,FGD3,KCNG4,C6orf223,HRG
ECT2,EVI2B,ICAM3,FAM159A,SPINK13,P2RY12,hsa-miR-375,SH3GL2,DHRS2
RP11-430H10.3,EPB42,hsa-miR-10b-5p,hsa-miR-31-5p,CYP2F1,RP11-285E9.6,AOAH,MFSD2A,KIF4A
RP11-115D19.1,CDH17,RP11-218E20.3,KIAA0226L,GPR1,ENTPD8,RP11-411K7.1,ANKRD33,LCN1
YBX2,LGALS12,RP11-863P13.4,VASH2,REEP2,ADAP1,HIST1H2AM,SCGB2A2,CCDC114
BTNL3,GPR119,KRT4,hsa-miR-192-5p,PKP3,CAPN8,SLC9A3,TLR8,RP11-402G3.5
LIPE,GTSF1L,hsa-miR-126-5p,SPTBN4,RNF103-CHMP3,ABI3,CHD5,CD1D,CD86
hsa-miR-605-5p,HAO1,PDCD1,CLEC6A,GPR98,PRDM12,PRUNE2,CTXN2,FGFBP2
CTD-2340D6.1,OR2AE1,AC090627.1,LINC01508,LUZP2,TMEM45B,EMR2,IL6,IFI30
MTUS2,TNFAIP3,KCNH6,IGF2BP1,A1CF,UGT1A6,RP11-742B18.1,HPR,CSAG1
RP11-58E21.5,LRRTM1,HIST1H4I,CFC1,LRRC9,LCP1,RP11-128B16.3,AADAC,TRIM31
hsa-miR-6815-5p,PTCRA,ITGAL,WT1,GCG,GMFG,VAMP1,MMP25,PRSS3
LINC01351,RFPL4A,INA,CHAT,ADAP1,RP11-410N8.3,C2orf54,FOLH1,LILRA4
AP001056.1,XXbac-BPG181M17.5,CNTNAP4,RAB25,SLC18A2,APOB,PNCK,CNR2,P2RY8
MNDA,CNTD2,COL6A6,MYO1G,ATP1A3,CTC-137K3.1,SPRR2A,NUGGC,CACNA1B
PRR15,C14orf180,LINC00858,hsa-miR-383-5p,ANK1,ARHGEF16,APOE,MUC15,TCL1A
SNCA-AS1,SLC9A2,hsa-miR-375,ZNF23,ECT2,RP11-794G24.1,HSD17B6,GABRG3,S100A2
CYBB,CRYBA2,RP4-550H1.4,AC012531.25,MS4A2,HS3ST6,RP11-713C5.1,P2RY10,hsa-miR-3613-5p
NR5A1,APOC1,RP11-326C3.14,PAX7,UNC5A,RP11-764K9.1,C6orf100,OTOP3,SPATA21
ZNF154,DSC3,hsa-miR-129-5p,hsa-miR-934,RASAL1,HVCN1,MMP7,UBE2U,MCEMP1
RP11-229P13.15,TCL1B,HOXC13-AS,RP11-643A5.3,SLC30A8,EGOT,AC004009.2,SIGLEC14,SLC6A18
CHRNB2,IGSF23,hsa-miR-1301-5p,RP11-1029J19.4,CCL24,KLK11,RIIAD1,CACNG6,TMEM190
BCL2L14,SEPT1,AC009950.2,SPRR1A,ADORA2B,RP11-386M24.3,hsa-miR-627-5p,TTBK1,CCL3
ZNF831,CCR1,ANKLE1,TOB1,UNC79,LL22NC03-75H12.2,CYP3A5,GAD1,MTRNR2L3
HVCN1,GPR174,hsa-miR-885-5p,ST6GALNAC1,CXCL17,DEFA6,LINC00311,MIA-RAB4B,LRRC25
hsa-miR-144-5p,LILRA6,CXorf65,RP1-283K11.2,GLRA3,NOL4,NTF4,C4BPB,NLRP13
BPIFB1,ZBBX,SELL,TLR10,HS6ST3,MFSD2A,TBATA,GPR55,MEX3A
hsa-miR-146a-3p,ANXA10,ZNF730,GFRA2,CDH10,PLEK,CXCR1,PRUNE2,B3GNT3
hsa-miR-18a-5p,LRRC55,hsa-miR-500a-3p,CD36,FOXM1,ZNF750,GMFG,ITGB2,GBP6
AC006129.1,RUFY4,hsa-miR-192-3p,DUSP27,GCK,CXCL17,RP11-814P5.1,NMU,GPR110
PAX7,C10orf105,PSG5,GDPD2,ZNF556,RP5-899E9.1,RP1-102K2.6,MLN,TULP2
OASL,SPACA4,C22orf34,FAIM3,UBXN10,RP4-547N15.3,LINC00987,FCGR3A,GPR17
hsa-miR-20b-5p,SNTG2,SHISA7,CALCA,CPE,TMEM52B,RP11-53B2.1,PCDH15,DES
LINC01091,LRCOL1,LIMD2,FOXM1,SLC18A1,AF127577.8,RP3-455J7.4,CDH23,TMPRSS15
MSR1,GIMAP7,TFF1,SOAT2,CEA,RP11-863H1.1,RP11-428K3.1,SFMBT2,APOBEC1
CLEC4E,HSPB8,RFPL4B,RP11-563N6.6,APOBEC4,SPRR2E,DEGS2,HOXC11,hsa-miR-539-3p
hsa-miR-486-5p,RP11-367G6.3,NR5A1,KLF1,PTGDR2,CTD-2105E13.6,RP11-180P8.1,NXPE4,CHRNE
LINC00528,CCL24,MYO16-AS1,RP11-229P13.19,POPDC3,FEZF1,TMEM105,UTS2,hsa-miR-203b-3p
hsa-miR-424-3p,GHRHR,P2RY10,FADS6,MAP7D2,C22orf34,RP5-1071N3.1,JAK3,CHRNA3
hsa-miR-223-5p,CSMD3,PYY,ZNF80,DAB1,ADCY8,OTOGL,MOGAT1,GRIA1
hsa-miR-4665-5p,hsa-miR-137,hsa-miR-6503-5p,TLR7,HIST1H4I,RTBDN,AKR1B10,P2RY13,SIGLEC9
RP11-405M12.4,KRTAP29-1,TRIM58,PP2672,MAP3K19,FABP4,MTNR1A,PRLR,IGSF1
LINC00954,GAD2,B4GALNT2,CEACAM21,MMEL1,ABCD2,TIGIT,TMEM229A,LTA
ZFPM2-AS1,COL11A2,MMP25,TRMT2B-AS1,NPFFR2,KRTAP1-1,RP11-685G9.2,CCDC42B,AMY1A
IL22,hsa-miR-181b-3p,hsa-miR-503-5p,GPSM3,GPR158,RBP7,RP11-227L6.1,ANXA8,GAD2
hsa-miR-3690,MS4A14,PHOSPHO1,TGM4,TGM3,VSTM2A,RP1-90G24.11,TNNC2,IL27
hsa-miR-545-5p,SPRR1B,DSG1,PNLIP,SMIM22,PMP2,RP11-527L4.2,SLC17A6,TCL1B
DDC,HBD,AC130469.1,MYO1F,TMIE,RP11-867G23.2,RP11-297C4.2,SHISA7,CYP2C9
hsa-miR-3653-5p,CFAP61,RP11-326C3.15,EPHX4,MFSD2A,KRT4,AC007278.3,GPR34,CELF3
TMEM61,ZNF486,PDLIM3,F5,GIPR,ERN2,TM4SF19-AS1,KCNH6,hsa-miR-1269b
hsa-miR-126-3p,IL13,GRIN2B,SSTR5,PPP1R1B,RP11-184M15.1,LINC01259,BCO1,SPRR1B
MIA-RAB4B,GLRA2,DDC,FAM189A1,SLC44A4,CTB-49A3.4,RP11-314M24.1,SMIM5,TRPM1
ANLN,CHP2,CDHR1,BCAS1,FBXL16,TMEM105,RP11-81H14.1,MNDA,MAP4K1
hsa-miR-205-5p,TRAPPC3L,HOXA10,GAL,APELA,RHCG,FAM26F,MTUS2,SCGB1A1
ANGPTL6,ABI3,CCL25,CBLN1,CDC6,PRAM1,CELA2B,SAPCD2,PSCA
S100A14,CARD9,MGC32805,ALPI,CYP3A5,DSG3,EOMES,DSG1,BEAN1
hsa-miR-887-3p,KRT2,SLFN14,SLC7A10,NTRK1,RP11-356J5.13,RP11-64B16.4,B4GALNT2,hsa-miR-542-5p
ENTPD8,TNFSF8,hsa-miR-6718-5p,CXCR5,GOLT1A,PCDH15,ITGB7,RP11-12J10.3,NKG2-E
TMEM40,FAM153A,CXCL17,CLIC3,MASP1,RP5-1091N2.9,IL1R2,RASL11B,OR2C3
GABRG3,HBA2,PTGDR2,HCN2,G6PC,CYP3A5,LLNLR-470E3.1,XAGE2B,CD68
hsa-miR-31-3p,PLA2G7,WNT3A,PDE7A,GPR35,L1CAM,CTD-2369P2.8,D4S234E,GBX1
CNTD2,TP73,COLGALT2,TMEM257,SLC22A17,ZC3H12D,NTRK1,HOXC13,SLC28A2
hsa-miR-335-5p,RGL4,TCEAL2,LIPN,TCEAL6,TRAF3IP3,SMIM6,HOXB13,AHNAK2
MUC2,PLCG2,RP11-1055B8.9,XXbac-BPG181M17.5,CCDC42B,TTLL6,AC090627.1,EVL,USH1G
LINC00111,CHRDL2,C17orf77,AC234582.1,SLCO4A1,IVL,CRYBB1,FAM101A,ABCA13
LINC01203,SMIM22,LINC01470,CRYBA2,ANKRD30A,GPR141,OR6K3,IKZF1,CHRM3-AS2
RP3-335N17.2,MEFV,ANO4,TRIM31,CHRNB2,PLCG2,MYO16-AS1,SERPINB4,THEMIS
hsa-miR-191-5p,STEAP2-AS1,TSPAN8,APOC1,L1CAM,RP11-73O6.3,GPR141,ACP5,PCDHB5
hsa-miR-16-2-3p,SMAP2,GABRA3,ZPBP2,BCO1,LINC00675,hsa-miR-1224-5p,C1orf162,CD1C
MLN,PSTPIP1,CACNA1C-AS2,WDR72,KLHL41,BACH2,ALS2CR12,LCNL1,MYADML2
hsa-miR-377-3p,CXCR2,ITLN2,L1TD1,HCN2,CLEC9A,RP11-410N8.3,PTGDR2,TBX4
hsa-miR-146b-5p,hsa-miR-130a-3p,PCDH8,CHODL,GP2,RNF144B,BPIFB1,TMEM132C,PTGDR
GRM7-AS3,SEL1L2,hsa-miR-129-2-3p,PCP4L1,CRYM,TMEM132B,ZBTB32,EIF4E1B,SLC26A9
hsa-miR-30e-5p,hsa-miR-194-5p,ZDHHC22,SHH,MAPK4,GJC2,HIST1H2BD,SMIM22,PCSK1
HRG,CD79A,RP11-107E5.3,HIST1H2AC,CFAP99,ARRDC5,C5orf38,FAM83A,TMEM132D
OVOL1,PTGDR,IL13RA2,PEG10,BEAN1,C19orf38,hsa-miR-192-5p,GIMAP7,ZNF831
CD247,AHSP,hsa-miR-181b-3p,UGT1A10,MYOC,CTXN2,RFPL4B,CPS1,LCE3D
FABP7,VAV3,ACSM5,WNT11,KLF5,ZBBX,PRSS3,SYNE3,WDFY4
RP11-32D16.1,GJC2,AC091801.1,GIMAP5,PLAC1,LHX1,AF124730.4,GNGT1,UNC5D
KRT2,RASSF4,KCNK16,GTSF1,ABCC11,hsa-miR-32-5p,TRIM40,FCRL2,AC053503.12
C9orf47,SEMA3D,CTD-2354A18.1,ARHGAP30,TMPRSS3,RIPPLY3,DSCAM,TMEM255A,DDX53
hsa-miR-210-3p,C17orf78,RP11-327F22.2,LGR6,TMEM238,RP11-456O19.2,LINC00595,TMEM72,ZSCAN10
RP11-374F3.5,SLC11A1,CDH16,MMP13,TPSB2,TFF3,SCUBE1,BTNL3,TMEM14E
hsa-miR-505-3p,CHAT,KCNK13,SOX14,SYT13,ARX,TBX15,CHRNB2,GHRH
CTB-133G6.1,ALPI,MAGEA6,DSG1-AS1,PDE4C,RBMS3-AS2,COLGALT2,SFTPB,AKR1B15
hsa-miR-3074-5p,ZSCAN10,BTNL3,TDGF1,CLEC3A,TMEM92,SFN,TMEM105,RP11-73O6.3
LINC01048,CHD5,ITGB7,hsa-miR-539-3p,FOLH1,DOCK8,AC004381.7,RXFP4,TPSG1
RP11-60L3.1,IVL,SOX15,GHRHR,BMP5,CHRM3-AS2,RP11-930P14.1,MAPT,CGB5
IHH,FAM178B,ISX,APOBEC1,PIGR,IQSEC3,ANO4,SLC22A12,GRIFIN
hsa-miR-451a,GSTT2B,FADS3,NKG2-E,COL28A1,GPR1-AS,RP1-76B20.11,SLC6A14,REEP2
hsa-miR-548v,ALPP,hsa-miR-106a-5p,C1QTNF9B,SFTPB,RP11-832A4.7,AC091801.1,SCGB1A1,ZNF556
KCNAB1,CREB3L3,CYP4F2,NCF1,CPA3,RP11-50I19.2,RP11-574F11.3,TMEM61,C8orf74
SFTPA2,SYNE3,LINC01522,PAX5,CST1,MYRFL,CTD-2354A18.1,LPHN3,RTBDN
hsa-miR-1271-5p,MUC15,CXorf21,WFDC12,VGLL1,CEACAM1,LINC01470,GALNT12,hsa-miR-6803-3p
SLAMF8,PTPRN,AC093642.1,hsa-miR-548v,NR1I2,TMEM213,ARMC3,SPACA4,SERPIND1
CACNA1A,GAB3,CPA3,SLITRK1,KCNH2,AC004381.7,AC021188.4,SEC14L3,TRAF1
MB,hsa-miR-1179,RETN,IFI30,MOGAT1,RP11-713C5.1,RP11-386M24.6,CASP14,SEPT1
SCG5,MAP4K1,CD180,MAP3K8,CLIC3,ZNF695,GP1BA,WNT3A,FAM65B
OR2C3,CD300LG,C17orf78,hsa-miR-15b-5p,PCDHGB1,AFF3,CD33,UGT2B4,CST4
hsa-miR-590-3p,WT1,ADCY5,BIN2,TMEM210,ANXA8,ZNF750,AC055733.1,MYBPC2
SAGE1,IRF4,hsa-miR-363-3p,RP11-734K21.3,PRLR,ERBB4,HPGD,ZG16,HCN2
hsa-miR-581,FSIP2,hsa-miR-1269b,IL4I1,ZNF750,RP11-350J20.12,AC009950.2,C9orf139,FCGR3B
AP003774.4,XKR7,RP11-272B17.2,XAGE5,AZGP1,CREB5,AC092198.1,SPAG4,F5
hsa-miR-505-5p,TYROBP,NEUROD2,RIPPLY2,HTR1B,TDO2,CHRNB2,FABP7,RP11-1152H15.1
C10orf128,IL12RB1,C5orf38,C8G,FAM159B,RP11-403A21.1,RP11-1080G15.1,CKMT1A,CFTR
hsa-miR-3655,PDYN,hsa-miR-486-3p,BPIFA2,GFRA3,SPRR1B,RP11-272B17.2,ULBP2,TTLL6
hsa-miR-16-5p,ADRA1D,LINC01180,DMBT1,WDR16,RP11-64B16.4,SPI1,AMH,GLYATL3
LGALS9B,ALB,SLC22A17,OR2B6,TYRP1,ZG16,PRSS51,GJB3,CORO2A
CR1L,C1QC,GIP,KCNC1,PTPRN2,TBATA,MUC15,HSD17B6,CD164L2
GALNT8,GIMAP6,KIF14,PCDH10,BTBD16,AC092198.1,SPATA13,SP5,ZG16B
KCNN4,HOXC13,PRSS3,HOXB8,SYT14,TRIM50,RP11-101E14.3,EOMES,PPBP
CTD-3064H18.4,MMP1,ARHGAP9,ZNF727P,PHF21B,UGT1A8,CDCA7,RP11-766F14.2,LINC00111
LINC01067,FAM83A,SEPT1,ELANE,KRT19,CTD-2555C10.3,SEPT6,ARHGAP9,hsa-miR-215-5p
TCF21,HEPACAM,RP11-244B22.10,CASP16,RIMS1,IKZF1,AC079779.4,RASGRP3,DQX1
RP11-126K1.6,KCNH6,RP11-1080G15.1,ALPP,LRRC4B,RP11-667M19.10,LINC00954,ADIPOQ,hsa-miR-144-5p
hsa-miR-130a-3p,PSCA,C14orf180,TTC24,SHD,SFTA2,CERS1,AIM2,C12orf80
RP11-1094M14.5,GNG7,SFTPC,CRYM,SPRR2E,RP11-761I4.4,GIMAP1,TUBAL3,DEPDC1B
KRT19,PALD1,hsa-miR-19a-3p,SULT2A1,PAX6,ATP2C2,hsa-miR-128-1-5p,LILRB1,CNNM1
hsa-miR-135b-3p,KRTAP4-1,VENTX,ZBED2,CA14,FLJ34503,MEGF10,ARRDC5,MLNR
ADCY8,CD1D,LGALS9B,SMYD1,SMPD3,AC079613.1,SERPIND1,MS4A15,DOK2
C6orf99,GZMM,MAPT,ELF5,PIH1D3,AC144450.2,hsa-miR-144-3p,PLP1,NMUR2
hsa-miR-184,SCEL,hsa-miR-4683,TMPRSS11D,SEMA4G,RP11-700H6.2,HOXA10,SEPT1,ANKRD30A
hsa-miR-628-3p,RP11-321N4.5,FAM3D,GPR45,HMX3,DRGX,LINC01522,PSTPIP1,SLC18A2
hsa-miR-424-5p,hsa-miR-454-3p,PRODH,SDC1,APOL5,NTRK1,RP11-147L13.8,CD6,C3orf27
KLHL6,AIF1,RP11-456O19.4,TNFRSF9,HMP19,TRIM46,RP11-390F4.6,RIMS1,CTD-2066L21.3
RP11-495P10.8,CLEC7A,SYCN,HAPLN2,TMEM114,SCIMP,hsa-miR-6803-3p,EVX1,CLDN18
KLRC4-KLRK1,PADI4,RP11-400N9.1,SLC27A2,PROM2,GPR55,PSG9,UGT2B28,KCNC2
NMU,PITX1,HBA1,ALX1,CXXC4,RP11-386M24.6,PTGDR2,TACR2,DCX
FENDRR,RNF166,ZNF716,CPN2,GPX2,IL31RA,hsa-miR-133a-3p,APOB,XXbac-BPG181M17.5
hsa-miR-503-3p,VAMP1,CTC-457E21.9,BPIFB4,HP,NXPE1,SLC7A14,ADCY5,MST1R
hsa-miR-1301-5p,CCKBR,LINC01269,CWH43,DSCR8,CTD-3096M3.1,ARRDC5,CIDEA,PLP1
TCN1,NPBWR1,SLC37A2,ALDH3A1,SFTA2,ADIPOQ,SIGLEC11,SH2D3C,FCRLA
hsa-miR-1976,ACSM5,SPATA13,GPR142,SOX15,CASC8,EGOT,VSTM2L,UGT3A2
CHRDL2,NXPE4,CTD-2555C10.3,CALY,PRLHR,OR52W1,CLCA2,DES,SLC22A17
RAPGEFL1,KBTBD12,TNNC2,REEP2,SLC22A18AS,AVPR1B,OTX1,RAB42,CTD-3195I5.3
APOBEC4,HMOX1,APOA4,TM4SF20,CELA2B,MIR155HG,MAGEA3,NAIP,PAX5
TMEM114,NAIP,RP11-771K4.1,NEB,BMP3,HIST1H2BD,ADCY8,PARP15,DEFA4
AJAP1,MET,SYT8,MTRNR2L3,TTBK1,SLURP1,CTD-2587H24.5,SFTA2,AC007563.1
PCOLCE2,GIMAP1,LDLRAD1,PCDHB5,CMBL,ANKS4B,AHSG,NUP62CL,RP11-118A3.1
hsa-miR-139-5p,LILRA4,hsa-miR-181b-2-3p,S100A2,GJB6,MIR2117,TMEM132C,XKR3,HS6ST3
C10orf105,HSD17B6,AJAP1,ITLN1,DAW1,CRTAC1,hsa-miR-31-5p,IL12A,ASPDH
hsa-miR-26b-5p,UGT2B4,RSPO2,TMPRSS6,F10,KCNAB2,hsa-miR-892a,EVI2B,SEPT6
RP11-347P5.1,MYBPH,FCGR3A,CCR2,SAPCD2,TRIM40,BPIFB2,FADS3,ALX1
VAV3-AS1,SLC9A5,CLPS,HLA-DQB2,LRRC15,FAM99A,RP11-402G3.5,GYPC,SCGB2A1
RP11-277P12.20,HMGCS2,RP11-470L19.2,PIP,FGF19,GP1BA,OASL,INSL4,ITPKA
RP11-80I3.1,CXCR6,hsa-miR-194-3p,KRT13,HIST1H2AE,LINC01224,OR52W1,CD37,MT3
AC013275.2,hsa-miR-200a-5p,CLEC3A,PPL,SLC44A5,TDRD5,LRRC53,SOST,TAC3
PDZD3,TMEM255A,RP1-232L24.3,CNTN5,ZNF695,RNF166,RP11-268G13.1,PAPLN,ERBB4
hsa-miR-627-5p,CHI3L1,RASAL1,TMEM26-AS1,C1orf189,GYPC,PRLR,IL13,ATP10B
STEAP2-AS1,PCDH8,CLCA2,FAM132A,USH1C,EMR2,PSG5,IGF2BP3,PDE4C
HOTAIR,TMEM105,GPR17,PIWIL1,HIST1H2BO,EDN3,HMP19,PHOSPHO1,CDHR4
CGB,FAM153B,RP11-53B2.5,LRRC66,IL31RA,RP11-714M23.2,RNF144B,KCNAB1,hsa-miR-1251-5p
hsa-miR-3614-3p,GRIA1,TCN1,CEACAM3,FMN2,RP11-416N2.3,RP11-503C24.6,FUT7,HOXA5
hsa-miR-670-3p,CLEC1B,RP11-30O15.1,CD2,RD3,hsa-miR-155-5p,RP11-218E20.3,DTHD1,CNTN5
hsa-miR-7702,LHX1,CRISP3,TMEM145,S100A14,RP11-756G20.1,PI3,CD79B,RP11-414J4.2
hsa-miR-552-5p,CEACAM3,GP1BA,GPR148,KCNH5,C11orf86,RP5-1091N2.9,TMEM45B,A2ML1
SERPIND1,NCMAP,ZNF695,ZG16B,PSORS1C2,SLC39A4,RP11-644L4.1,WDFY4,PPL
hsa-miR-1269a,ADCY5,WDR87,S100P,DHRS2,RAB42,VWA5B2,RFX6,MTUS2
hsa-miR-4726-5p,RIMS2,BPIFB1,LAT2,CDHR3,KRTDAP,CTD-2370N5.3,HMP19,HLA-DPA1
RFX6,hsa-miR-32-5p,TEX19,TM6SF1,CHST6,FXYD3,RP11-53B2.5,VSTM2A,RP11-407H12.8
CCDC42B,hsa-miR-146b-5p,HSD11B2,PAPL,GPR20,PTPRZ1,CDHR1,HIST1H2AM,LHX5
FGD3,XK,OVAAL,GRIA1,YBX2,ZP3,IL6,CST4,GPX2
RP11-734K21.3,P2RY13,RP5-1071N3.1,RP11-96H17.3,LYPD3,PABPN1L,AC067945.4,SNX10,MS4A15
C1orf200,ZNF831,PRLR,CARTPT,CEACAM1,SH3GL2,hsa-miR-3920,KIAA0125,RP11-81H3.2
CCKBR,RP11-20J15.5,EVX1,KNDC1,STX1A,NLRC3,OFCC1,DOCK8,TNF
hsa-miR-33a-5p,TBX15,MAGEA3,KCNC2,C7orf57,ITK,ITGAL,LRRIQ4,GRM7-AS3
hsa-miR-215-5p,ITGB2,LRRC53,RNF183,HSD11B2,FAM153C,FGD3,GP1BA,AKR1C4
hsa-miR-592,KIAA0125,LINC01050,LIPA,CYP26A1,AMH,FCRL1,PHF21B,TMEM40
hsa-miR-501-3p,CYBB,NPFFR2,GHRH,SLC6A17,AC103563.8,hsa-miR-539-3p,PCSK2,LYPD2
CTD-2330J20.2,PSG3,AC002511.3,ARHGAP28,KNDC1,LINC00589,CD180,C6orf99,CAPNS2
LAT2,SIRPD,TBATA,B3GNT6,SMIM5,SPTA1,RP11-65J3.3,CDH16,hsa-miR-3191-5p
CYP4A22,EOMES,RP4-547N15.3,RP11-297L17.2,ASIC4,CKMT1A,RP13-379O24.2,PIK3CG,FABP2
GPR148,CIDEA,hsa-miR-3613-5p,OR1N2,HPGD,AC093627.11,S100A14,IL10RA,XAGE2B
UNC13C,TRIM40,hsa-miR-203a-3p,SPIC,OTOGL,RP11-431K24.1,CLEC3A,SLC6A8,SPANXB2
hsa-miR-93-3p,SCGB1A1,ERBB4,ITGA2B,GDAP1L1,RP11-326C3.15,ZC3H12D,SBK1,KIF17
PYHIN1,KCNJ3,S100A14,FOXB1,PLG,FXYD4,SELL,ISX,IL36B
hsa-miR-95-3p,OSCAR,FCRL1,SFN,VIPR1,TMEM59L,hsa-miR-500a-3p,GPR141,SLC9A3
DRC1,hsa-miR-210-3p,TMEM105,SPANXB2,DNAH11,HSF5,SLC10A2,CRABP2,KLRG1
CST5,FCGR1B,CAPZA3,SLFN12L,NEUROD1,hsa-miR-155-3p,KRTAP5-5,KRTAP5-5,LINC01436
RP11-119J18.1,DOK3,SLC7A11-AS1,UNC13C,SOX21,RP3-448I9.2,C22orf34,RP11-321N4.5,C1QL1
RP11-752D24.2,LRTM1,GJB3,MOGAT2,IL1RAPL2,LINC00943,GPR123,GTSF1L,PRKAR2B
hsa-miR-1180-3p,KCNT1,CEMIP,LBP,PRR9,IL12RB1,SIGLEC7,ABCA12,CELF2
NEU4,PGA3,OASL,CORO1A,CBLN1,RP1-256G22.2,TYRP1,TMEM217,SEZ6L
ZNF750,CDH16,AC079612.1,FOXC2-AS1,C2orf61,AC140912.1,hsa-miR-33a-5p,KLRC4-KLRK1,PLD4
KLHL14,PSG9,CRHBP,MEX3A,SLC7A4,GRAP,LINC00444,MB,COLGALT2
hsa-miR-4724-5p,FAM129C,MET,UCN3,KIAA1244,APOE,KLHL14,COL28A1,CRABP1
hsa-miR-1304-3p,LIPE,LINC00470,CLEC4D,CTAGE15,TMEM190,LILRA5,CELA2B,ALDH3A1
MEF2C,RP5-907C10.4,BAIAP3,CTD-2313F11.1,CAPZA3,C4BPB,LINC01090,PLA2G12B,HS3ST4
SCEL,SNX22,TMEM253,PSAPL1,HPR,MMP7,VAT1L,SYT10,BPIFB4
HSF5,TMPRSS4,RHCG,LAMA3,LCE3D,NKX6-2,TUBAL3,OIT3,GBP5
SLCO4A1-AS1,DOK2,RP1-76B20.11,NMUR2,AK4,RP11-128B16.3,CASC8,TCN1,HBB
LPPR3,HOXC11,NME8,RASGRP4,C17orf78,LINC00311,FCRL4,UGT1A9,IRX6
HP,APOB,RNF144B,TMPRSS3,TCN1,BEST2,CNTNAP4,FCGR1A,LINC00528
PTCRA,LY9,hsa-miR-503-3p,SYCE3,DNAI1,RP11-527L4.2,PLAC4,IL22,LINC01351
RP11-118A3.1,ARRDC5,PIK3C2G,BFSP2,PCDHGA1,RP11-227L6.1,RP11-326C3.14,TNS4,MYRFL
COL2A1,CD226,hsa-miR-511-3p,GPR183,CNIH2,RP11-685G9.2,UGT1A4,SPTSSB,AKR7A3
TMPRSS3,CPN2,PITX1,CYP26A1,RP1L1,LINC01259,hsa-miR-1301-5p,FMN2,HMX3
hsa-miR-490-3p,C1QTNF9B,SYT14,ASPDH,NRXN1,AC007278.3,LINC00858,TTLL6,PSG8
SPACA4,ATG16L2,MMP3,MYO1A,PBK,TM4SF19-AS1,EIF4E1B,CD160,RP11-349K16.1
RP11-876N24.3,KMO,MEGF10,TMEM14E,VILL,AKR1B10,GRIN2B,FGFBP2,BPIFB1
hsa-miR-1537-5p,GPR34,FERMT1,LGR5,IL36B,RP11-314M24.1,ZNF716,PCOLCE2,SFTPA2
RP5-984P4.4,ISX,LINC01300,EDAR,IYD,MTNR1A,CTD-2555C10.3,SELL,TNMD
HCK,CD79B,NUP62CL,ATP6V0A4,C8orf74,TIGIT,D4S234E,SLC22A17,ZNF208
LCP1,ZNF154,RP11-832A4.7,TGM5,FERMT1,RP11-297C4.2,RP11-403A21.1,GC,CABP7
CAPN5,ZNF114,PTK6,BEND4,TMPRSS11E,OTOGL,LGALS12,SLC44A4,SPRR2A
ZNF730,HOXA11,RP11-1007G5.2,DCSTAMP,ITPKA,RP11-81H14.1,HLA-DQB1-AS1,KCNG4,SDC1
hsa-miR-484,SCG3,SCGB2A1,RENBP,ALK,RP1-90G24.11,FAM187B,PRR15,ITGA2B
AC133785.1,IL10RA,RP11-1079K10.3,HMGCS2,PITX1,TACR2,TNFRSF13C,HLA-DRA,ESRP1
hsa-miR-103a-2-5p,UTS2,RP11-101E14.3,PLA2G4F,LRRC19,KCNG4,hsa-miR-126-5p,TBATA,RNF183
SEPT6,ZNF730,SLC39A4,IGSF1,GAD1,NTF4,ADCY5,PSG9,KRT16
MAPT,PIK3R6,CCDC88B,LAPTM5,RP1,hsa-miR-206,hsa-miR-450a-5p,FSTL4,HTR5A
MEX3A,BCL2L14,CTD-2566J3.1,GPT,NAT2,JPH1,DEFA6,OR2C3,NAPRT
KNG1,TLR6,AC009133.17,XKR9,EPHA2,CHI3L2,SLFN14,TRH,AKR1B10
CNNM1,BIN2,C22orf42,HTR3C,TRPA1,HYAL4,NCF2,CREB5,GABRA3
KRT4,ADIPOQ,AC067945.4,KCP,LGR5,CRABP2,TMPRSS15,HOXB9,CA9
LGALS4,PCSK1N,EEF1A2,hsa-miR-126-5p,WNT11,RP11-374M1.2,KCNH6,IL31RA,KLHL14
PKD2L1,PGLYRP1,hsa-miR-4772-3p,RASGRP1,PHLDA2,TRBV11-2,OR2H1,KRT14,hsa-miR-1179
SCGB3A1,PKD2L1,hsa-miR-542-5p,LYPD3,GPRC5A,AC090627.1,DLX2,SCN4A,ANKRD33
CADM3-AS1,UBD,DLX2,STEAP2-AS1,MYOCD,RD3,C14orf180,SLC10A2,RP11-60L3.1
ACE2,IL24,OR2H1,SCGB3A1,NEB,RP11-428K3.1,GIMAP6,G6PC,PIWIL1
AMH,CD3G,RP11-403A21.1,BEND2,BTBD11,C6orf100,CEACAM20,CLRN3,DAB1
HIST1H2AI,TREML2,C1orf162,APOC3,PCDH20,HTR1D,HOXC13-AS,PPP1R1B,ITK
DUSP9,KRT73,RP11-982M15.8,SPP1,CDHR4,LINC00987,hsa-miR-4724-5p,GPR158,FCER1G
WT1,KRT4,AC008984.2,HP,C6orf99,RP1-102K2.6,RP11-661A12.9,DRC1,NTF4
CFAP99,AC055733.1,TMEM72,hsa-miR-6502-5p,ASPG,RP11-53B2.1,RP11-285E23.2,CNTNAP5,SLC34A2
hsa-miR-891a-5p,TTC24,RP11-114M1.2,TREM2,WNT3A,RP11-814P5.1,CNTD2,LY86,CMBL
hsa-miR-658,AFF3,TNFAIP8L2,CETP,PLA2G12B,RP3-455J7.4,RP11-863P13.4,CSF1R,CHRNA9
UBE2C,TMEM45B,GMFG,FOXD3,ANKRD33,VAMP1,GYPC,ERN2,ARHGAP30
EDAR,SNX10,TNFRSF13C,CYP2S1,MAST1,CDHR4,DDX53,CEMIP,NEB
hsa-miR-129-2-3p,TNF,DTHD1,hsa-miR-767-5p,HRH3,RP11-411K7.1,YBX2,FERMT1,CPN2
IL10RA,FCRLA,hsa-miR-150-5p,CYP4Z1,OBP2B,LINC01234,IGFLR1,FASLG,TOX3
CYP26A1,GYPE,hsa-miR-150-3p,ESX1,DSCAM,RIIAD1,TFF1,FGD3,TRAPPC3L
ANXA8L1,RP4-576H24.4,AGR2,RP11-21B23.2,HIST1H2AI,NKG7,HOXC13,ACTL6B,PTGS2
MS4A15,KLRG1,ARHGAP25,C16orf78,CAPN5,CAMP,PYY,SERPIND1,A1CF
MTTP,SLC6A8,FAM150B,CGB8,CFAP61,OR6S1,MIA-RAB4B,SPRR2A,GPNMB
GJB5,SLC6A18,VAMP1,SNTN,GNG4,PALD1,C17orf78,KLK5,FAT3
SLC8A2,FAM78A,SYT13,RPRML,GUCA1C,KLRG1,ARX,IGFL1,hsa-miR-200a-5p
hsa-miR-548ba,LIPA,THRSP,MAPK4,AHNAK2,RP5-1071N3.1,RP4-550H1.4,HS3ST6,FMN2
hsa-miR-192-3p,MFSD2A,IL12A,PLA2G3,SFN,TMEM255A,GABRA3,ICAM3,LRRC26
CACNG6,TBATA,hsa-miR-383-5p,RIBC2,KLK7,RP5-907C10.3,HVCN1,FAM178B,LRCOL1
hsa-miR-1292-5p,GPR31,SHISA9,KCTD8,COX6B2,CES3,LIPE,GP9,RP11-326I11.4
CTA-363E6.2,LIPF,CHST6,UBASH3A,XK,KLF5,C6orf25,CEACAM5,RP11-1036E20.9
HOXB8,NKG2-E,KLK12,DMRTC2,LGALS9C,OASL,RETN,RASSF4,CD247
hsa-miR-10b-5p,MYO1F,SIGLEC7,GPNMB,C1orf158,PAX3,LINC00051,ZNF831,UPK2
hsa-miR-4772-3p,ZG16,EIF4E1B,WFDC10B,LPPR3,LINC00669,C17orf77,GIMAP1,CXCL17
AIPL1,CLEC9A,KCNJ6,CCL3,ACMSD,RP11-861A13.3,CRHBP,ZMAT1,RP11-430H10.3
PADI6,CNNM1,BCL2L14,APCDD1L-AS1,IGF2BP3,GAPT,CACNA1C-AS2,KRT4,APOA4
SMIM5,IFI30,DUOXA1,ANKRD34B,CYP4A22,KCNJ3,RP11-327F22.2,PPIAL4C,SEMG1
hsa-miR-1224-5p,HTR5A,GPR87,TM4SF5,EPHX4,SLC28A2,CEMIP,NKG7,IL34
CYP3A5,APOA1,RP11-613C6.2,DNHD1,APLN,RASSF4,GPC5-AS1,AMER3,HVCN1
TLR8,GABRG3,TMIE,CTB-41I6.1,TP73,LINC00505,AC079466.1,KMO,DUSP9
PADI1,NCAN,LRP2,STAB1,HS3ST4,GPR123,RP11-133K1.12,CYP4A22,INPP5D
hsa-miR-15b-5p,MASP1,C6orf25,SLC6A4,ATP10B,EPHA10,RP11-102L12.2,COL6A6,MPPED1
hsa-miR-181b-2-3p,HTR3C,DEFA4,UGT8,C1orf87,NMU,FADS3,HAPLN1,TRPA1
TMEM213,FCRL2,LINC00444,hsa-miR-1180-3p,KCTD8,LINC01470,FERMT1,NPC1L1,SLC35F3
hsa-miR-450a-1-3p,S100A2,CYP2F1,CAPNS2,SLC6A3,CTD-2354A18.1,NEUROD2,TPX2,RP11-117D22.2
SUSD3,LGSN,RFX6,hsa-miR-106a-5p,CA7,KIR3DL1,TSPAN8,CYP2W1,RP11-1029J19.4
hsa-miR-4683,KLRC4-KLRK1,ZBTB32,MT3,UBE2C,RP11-1101K5.1,C11orf86,SYT5,FEV
RP11-366H4.1,SLC22A17,C11orf86,MS4A2,C2orf82,HLA-DRA,SLC39A4,C14orf180,CLCA4
CSMD3,ANKLE1,hsa-miR-215-3p,WDR38,RIPPLY3,LY86,ARHGAP25,NXPE1,NAIP
DSG1,ZSCAN4,RP11-407H12.8,CIB4,SEZ6L,SOX21-AS1,HIST1H4I,IHH,SLC38A8
ESPN,CXorf22,SERPINB4,CSN3,COL11A2,PDCD1,RP11-115D19.1,GIP,OTP
SPP1,NEU4,WT1-AS,PCDHGB1,ETV4,A2ML1,hsa-miR-129-5p,ITGB7,CCL15
GPR34,ACSM3,PNCK,NKX2-1,CNTN5,RP1-77H15.1,SCGB2A1,SPATA21,HOGA1
PDLIM3,C6orf25,RP11-65J3.3,TMPRSS11E,F12,TRPV2,AC079612.1,PDZD3,RNF166
GPR123,GLYATL3,RFX4,AHNAK2,LRRC10B,KLK6,TNNC2,ECT2,TRIM7
ATP6V0D2,GC,GPR123,C8orf74,NKX1-2,GABRQ,PRR33,C2orf82,CTB-114C7.4
ABO,ARHGAP28,ENTPD8,TNF,ADH7,KLK7,AVPR1B,NCAM1,FETUB
KCNJ6,PRAP1,GIPR,VPREB1,BCAN,CLCA4,SLC37A2,CD33,ERMN
FAM101A,APOC2,SMIM6,CCL15,CREG2,AC112721.2,ECT2,TAS2R38,GCK
CDH16,ERN2,FAM78A,AOC1,RBFOX3,RP11-272B17.2,IL13RA2,RBP7,SSTR2
HOXA11,HCLS1,MRAP,ZIC5,EVPL,FGD2,CGB,ADRA1D,HIST1H2BJ
LBP,APOBR,CTD-2215E18.1,UGT3A2,TMEM190,EVI2B,RP4-547N15.3,AVPR1B,SIGLEC11
LINC00505,SNCB,C6orf15,PTGDR,PTGES,RBP3,AC093642.3,SLCO4A1,BFSP2
FAM78A,LCE3D,TUBB2B,SPINK13,GPR142,EVPL,PIK3C2G,CREB3L3,LHX1
LRP2,CHRNB2,MMP1,DNAH8,CGB8,KIAA0125,SLC22A17,CGA,SPACA4
AC019048.1,ATP6V0D2,CD6,EPHA5,TCEAL5,C3orf27,WNT3A,ANKRD30A,PPP2R2C
CD3E,MYO1A,RASL11B,ALOX12B,PMP2,IL13,COL2A1,GPR98,ATP1A3
NKX2-1,PXT1,AMHR2,ZSCAN10,SSTR2,SLC9A3,SDPR,CLEC9A,SMLR1
NMUR2,EIF2S3L,RNF166,CTB-43E15.1,TSPAN8,AOAH,AC130469.1,KLK8,HTR1B
TGM5,ALK,AMH,FCGR2B,CORO2A,RP11-412H8.2,DEFA4,WBSCR28,SLC22A18AS
hsa-miR-200b-5p,SCGB3A1,KLK10,UNC93A,GAD2,AIPL1,C5orf46,ABHD17C,AC090627.1
SLC30A2,CWH43,LLNLF-158E9.1,RP11-370I10.10,DUSP26,EVL,1-Dec,MMP3,LEFTY2
CYP3A4,DMRTC2,AF124730.4,GPR6,HIST1H1C,PLAC4,AC009133.17,CFP,RP11-115D19.1
hsa-miR-3920,AMH,BTBD11,CA7,FCGBP,TMEM253,LIMD2,TSPAN8,PPP1R1B
C1QL1,HAPLN2,CFP,SMIM9,C11orf53,TMEM238,WDFY4,RNF103-CHMP3,CTD-2354A18.1
RP4-576H24.4,NXPE1,CDCA7,SH2D1B,HIST1H2BG,hsa-miR-4665-5p,WDR87,SCIMP,SCG5
LYPD3,MOGAT2,SERPIND1,SERPINA9,TTLL6,AC009950.2,SCG3,CFAP99,RP1-102K2.6
CASP16,B4GALNT2,GPC5-AS1,C10orf90,TNNI2,GRM4,SPRR2E,LGALS9B,CRCT1
hsa-miR-129-5p,NCAM1,CNIH2,SLCO1B3,RIMS2,RP11-161I6.2,SFTPC,PADI4,ACTC1
PSTPIP2,CLGN,RP11-644L4.1,RP11-203E8.1,SLC5A1,NLRP13,CCL25,CYBB,SLC10A2
CD2,LAMA3,D4S234E,LTA,FUT9,RP11-442O1.4,TRAPPC3L,PCDH11X,KBTBD12
STX16-NPEPL1,GHRH,MUC17,TGM3,KLK10,RP11-414J4.2,RP11-114M1.2,ZNF716,FBN3
DLX2,SULT1E1,SPTSSB,LINC01297,CRACR2B,RP11-742B18.1,CCDC88B,ITLN2,SLC35D3
hsa-miR-33a-3p,PPP1R1B,SDPR,BAIAP2L2,CSTL1,OR6K3,FCRL3,PLA2G10,MSLN
UPK1A,GIPR,CCK,CLCN1,SCGB1D2,MYBPC2,ANK1,GPR87,TUBAL3
RP5-1011O1.3,MTTP,C9orf139,NDNF,NPC1L1,LLNLR-470E3.1,KLRD1,CDC6,SMAGP
CDH17,ATP6V0A4,GFRA3,NR1I2,CARD18,UTS2,LL22NC03-75H12.2,C11orf21,hsa-miR-126-5p
ESX1,TGM5,RP11-503C24.6,hsa-miR-142-3p,CLCA2,hsa-let-7g-3p,C10orf128,FEV,EDDM3A
hsa-miR-1251-5p,SIGLEC14,DDX53,hsa-miR-424-5p,CDCA7,NKX2-2,EDN3,SEZ6L,SMYD1
RP11-304F15.4,DAB1,RP11-794G24.1,FOXI2,OFCC1,BPIFB1,AGMO,TTC16,RP5-907C10.3
CD22,HRASLS2,SHISA8,LRRK2,PIP5K1B,DNAH11,LDLRAD1,ARHGAP25,GPR182
SCG3,NMUR2,SIGLEC1,FAM83D,ASPDH,NLRC4,BTBD16,CDH12,TACR2
GKN2,KCNC2,hsa-miR-137,BTLA,MUC3A,RP11-187E13.1,C9orf139,BTNL9,KLRC4-KLRK1
SYTL5,CALY,LY6D,WIF1,IFNE,PI3,KRT2,ANKRD55,hsa-miR-218-1-3p
VSTM2L,KCP,SUSD3,CTSW,JSRP1,RP11-863K10.2,CEACAM1,DEFA3,HCK
DEFA4,OR1N2,RP11-849I19.1,HTR5A,HTR3C,SIGLEC5,LCP1,LDLRAD1,hsa-miR-605-5p
SOX17,S100P,hsa-miR-340-3p,ART4,CTXN2,RP11-58O9.2,RP11-861A13.3,ANKLE1,DNAH8
hsa-miR-6803-3p,CTB-114C7.4,TRAPPC3L,hsa-miR-139-5p,KIAA1324,COLGALT2,VENTX,EDN3,GCNT3
ITIH6,PIWIL1,RP11-861A13.3,P2RY8,ANXA8L1,VAT1L,AC103563.8,GDAP1L1,NCBP2L
CEACAM20,LRRC66,AC023590.1,TRPC7,TDRD5,RP4-794I6.4,RP11-430H10.3,TRIM46,UGT1A9
MUC6,LCNL1,IGFLR1,RP1-225E12.2,TGM4,SPATA13,PITX1,DSG3,SNTN
hsa-miR-137,CNTN5,TBX15,TRPV6,TMEM59L,BTBD16,KCNJ6,CCK,C17orf77
OFCC1,CYP2S1,AC064853.2,CHRNA5,FOXA3,RP4-799D16.1,CYBB,INA,AC079630.4
CCR7,INA,Z83844.1,CAMK1D,PRIMA1,LA16c-380H5.4,MAGEA6,MS4A7,TRPC7
ITGA4,CARTPT,DEGS2,SLC22A2,FOXA1,LAIR1,CYP2F1,ANXA8L1,CDH10
ZSCAN4,RP11-787I22.3,CLEC9A,CEACAM6,CIB4,FLI1,MRAP,AJAP1,MIA-RAB4B
MIR155HG,BPIFB4,C6orf58,HTRA4,HIST1H4H,RP11-574F11.3,SEPT1,CLGN,PYHIN1
TCL1A,RNF183,AGMO,GPC5-IT1,SLITRK1,MASP1,LINC01269,GABRQ,FOXB1
CDHR1,SYT5,CTD-3138B18.4,FOXJ1,SPTBN4,RP4-536B24.3,RBMS3-AS2,PADI1,ZNF488
INSM2,MST1R,GPR34,MAPK15,RNF39,RP11-89K21.1,MMEL1,NKX6-2,GP1BA
hsa-miR-450a-5p,LINC00707,HBB,VPREB3,SFTPA2,RP5-1042I8.7,TCP11X2,NTRK1,APOH
FCRLA,SLFN14,CALHM3,F12,CNTNAP5,AIM2,KLF5,DPCR1,RP11-734K21.3
PXT1,PAX9,C6orf99,CYP27A1,RAPGEFL1,CST4,RXFP4,ZP3,HIST2H3C
hsa-miR-19a-3p,NEK2,PLA2G10,SERPINC1,C6orf118,CELA3B,RP11-867G23.2,ANGPTL6,TNFRSF19
hsa-miR-892a,RASGRP4,POU2F2,FAM25A,KRTAP5-5,HOXA13,ERN2,PCDH8,DNAH11
BFSP2,GPNMB,CD37,FRMD1,CRABP2,SPTSSB,CTD-2340D6.1,HSD11B2,ELF5
RASGRP4,MTRNR2L3,CEACAM1,OTC,GJB3,PLA2G12B,LRP2,JPH3,GNG13
TMPRSS11E,ITGA2B,NFE4,C10orf99,SRD5A2,SCGB1A1,RASAL1,CAPN5,AC093627.11
CLEC9A,CSTL1,MNDA,HOXC12,RIIAD1,RP11-503C24.6,EPB42,TNMD,RP11-796E2.4
SLAMF6,MALRD1,AF186192.6,LIMS3,IGF2BP1,SLC17A6,hsa-miR-885-5p,LIPK,HRASLS2
hsa-miR-885-5p,hsa-miR-1271-5p,CYP3A5,GPR35,SLC35F3,TRNP1,RP11-219E7.1,SLFN14,TLX1NB
RNF103-CHMP3,KIF14,RP11-262H14.3,LPCAT4,GDF15,GH1,STEAP2-AS1,DDC,BAIAP3
OR52W1,TTC16,ANKRD55,PTPN6,DNAH3,MAP3K19,ZDHHC22,BMP3,TLR8
KNDC1,hsa-miR-93-3p,SLC6A8,MUC16,DUOXA1,POLR2J2,PTCRA,ASB4,EPB42
FCRL1,SLA,RP11-133K1.12,hsa-miR-451a,SCG5,RP11-93K22.13,GJB3,NOX5,TMEM132B
FSIP2,HSPA1B,SYT5,WDR16,SPIRE2,AC067945.4,RP11-229P13.15,NEUROD2,IRX1
ABCG5,SEZ6L,CTD-2291D10.4,PZP,SPINK7,MYO16-AS1,ZBBX,ZNF154,LINC01506
UNC93A,SH3TC2,CRYBB1,DHDH,C9orf152,MMP1,RP11-58E21.5,CCR7,LINC01091
RP11-1029J19.4,GPR110,RP11-268G13.1,SPRR2D,EPHA5,VWA3B,TMIE,ADORA2B,RP11-412H8.2
GPR31,TIFAB,GPR55,RP1-29C18.9,MB,AMY1B,PCDH15,IFFO2,PCDH8
KMO,GLIPR2,SRMS,CAPN9,C8G,LL22NC03-22D1.1,PCDH8,WT1,UNC13C
hsa-miR-145-5p,hsa-miR-1269a,NCAM1,CCL4L1,GRIA2,RP11-346D19.1,NPSR1-AS1,CDCA7,GALNT8
CDH12,GRIN2B,P2RY13,MSLNL,HYAL4,TMEM229A,RP11-161I6.2,APOA1,CNTD2
MMP12,PIK3R5,CREB3L3,MUC13,CELA3B,hsa-miR-30e-5p,TEX19,RNF223,SGCZ
MST1R,IL13RA2,ITGB2,CFAP45,SLC26A9,RP11-1191J2.5,hsa-miR-891a-5p,CLEC3A,GC
DOK2,C5AR1,HSD17B6,MUC3A,SLC39A4,PCDH20,CD37,C6orf58,MB
B4GALNT2,CLDN18,EIF2S3L,PIP5K1B,NEK2,CTD-2089N3.1,RP11-107E5.3,HVCN1,SOX17
RIMS1,ECSCR,AP003774.4,MGC50722,KCNJ6,ZNF295-AS1,SAGE1,FCRL3,LY6H
ITGB7,L1TD1,OTX1,HFM1,CACNG6,SLC10A2,HP,MET,CTD-2089N3.1
PRLR,TDRD10,MIR223,NAT2,SPRR2A,RXFP4,AP001056.1,IL36RN,FAM81B
LGR6,RNASE6,RP11-102K13.5,FAM9C,WBSCR28,LINC01511,CD247,ELFN2,AMER2
LIPA,SPINK5,NEURL3,CD19,SHH,MAPT-IT1,CCK,TCP11X2,CDH6
MASP1,TRPC7,MS4A6E,CYP2C19,TMEM229A,hsa-miR-223-5p,TUBB2B,HIST1H2BJ,GPR98
LDLRAD1,ZNF488,FLI1,C7orf57,CSAG1,LINC00996,RNF166,ADCY8,LINC00954
hsa-miR-552-3p,ITIH6,SOX1,VGLL1,LYPD8,RAB27B,C11orf44,1-Dec,MAP3K19
MYO1A,SSTR1,OFCC1,LRIT2,SLC39A2,IGFL1,RP11-982M15.8,GIPR,hsa-miR-891a-5p
ABCC8,CD3E,MYBL1,GPA33,RIMBP2,RP1-76B20.11,KRTAP4-1,C1orf158,SNCA-AS1
BEAN1,PAPLN,CYP4A22,ALOXE3,AVPR1B,RASAL3,CRISP3,FOXH1,CAPN8
GSTA1,SLC22A31,PCDH15,SLC12A3,OTX1,RP11-20J15.5,CPA3,NEK2,NXF3
LILRA6,RASL11B,EDN3,CHRM4,PPBP,HOXD10,CLCA4,POLR2J2,C10orf105
CORO1A,WAS,HOXC13,RSPO4,SYTL5,HPGD,CLPSL1,FABP4,PCDH10
SPIC,CRTAM,EVPL,SST,GRIN1,TNMD,CERKL,BCL11A,RP11-410N8.3
SPANXB2,VSTM2L,BCL11A,IL24,CEACAM5,LINC00443,CYP26A1,OR52W1,PHF21B
GIMAP7,VENTX,ADCY8,AQP9,CEMIP,SMIM22,LINC00470,FAM153C,RP11-678G14.3
PRAC2,FLRT2,WDFY4,GRIA2,C8orf31,PCDH11X,RBFOX3,SIRPD,CDH17
hsa-miR-133a-3p,TNNT2,KRTAP4-1,BCL2A1,DRGX,ITGA4,GFRA3,KCNJ3,APOB
GRAMD1B,CD300A,SLC6A14,CALML5,SCGN,TCEAL6,PARVG,CR1L,RP11-65J3.3
REEP2,IQGAP3,RBMS3-AS2,UGT2B10,BAIAP3,TNS4,ACSM5,ZNF114,DLX6
C11orf44,AMER3,CTA-384D8.31,FSTL5,SULT4A1,HIF3A,MMP3,AC104809.3,RERG-IT1
FAM57B,SAA2-SAA4,AC079466.1,PTPRC,PAX3,CGB7,CAPZA3,EVPL,GNG4
GAST,C1orf194,ZC3H12D,hsa-miR-542-5p,TRIM29,LPL,ANXA8L1,SOX1,SLFN14
C2orf82,NCCRP1,ATP4B,hsa-miR-126-3p,OOEP,RP11-626G11.1,AF127577.8,SPRR2E,RP11-753D20.3
FCGR1A,ZBTB32,SHANK3,APOC4-APOC2,CNTNAP4,AMHR2,BCL11A,KLRD1,PAX7
SPINK7,ABCC8,RP11-390F4.6,hsa-miR-218-1-3p,SPTSSB,CCDC42B,CD3E,NLRP13,TCEAL6
ARHGAP4,PLCB2,AC104809.3,SBSPON,SLC6A14,AQP5,LINC01300,CYP24A1,SLC30A8
ITLN2,AXDND1,YBX2,LINC00707,DUSP9,INPP5D,PTK6,TMPRSS4,LINC00996
CERKL,HIST1H2BC,KRT14,KCNE3,SLC6A8,RP11-48B3.4,GPR87,C6orf25,RP11-930P14.1
NTRK1,AANAT,MMEL1,hsa-miR-1271-5p,PAX9,SLC18A1,PRODH,MEF2C,PHACTR3
CLDN18,KCNA7,CDC6,ATCAY,APCDD1L,AKR1C1,RP11-400N9.1,BPIFB1,AC091801.1
SFN,NAT16,AADAC,hsa-miR-627-5p,MST1R,HOXC11,ERBB4,BCL2L14,hsa-miR-4683
PNOC,RIC3,TRH,WAS,VWA3B,RP11-661A12.9,IFFO2,KRTDAP,RP11-120K24.5
TMEM14E,CRB2,WI2-2373I1.2,NAT16,RIBC2,RP11-374F3.5,GPR119,BPIFB2,GLRA3
TXK,C4orf26,MAGEA4,WNT10A,PTPRZ1,AC002511.3,TNFAIP8L2,GLYATL3,OR6S1
TIFAB,AQP2,BTBD16,FSTL3,XKR9,SLC5A10,hsa-miR-192-3p,EIF2S3L,FAM156B
CXCL17,PARP15,NTRK1,TMEM210,RNF183,LINC01447,RP11-244B22.10,CRHBP,SAGE1
FUT7,APOC3,TAAR1,LRRC55,TCEAL2,RP11-268G13.1,CTC-457E21.9,RHCG,ITGAL
PNCK,MORN5,OR10G2,MAL2,BPIFB4,SLAMF6,CALHM3,CD3G,TCEAL5
SLC38A8,NCF2,SPRR2A,EPS8L1,SERPINB13,RP11-626G11.5,C1orf162,RAB27B,RBP3
DOCK10,CGB5,KIF17,PRF1,RAET1L,RP11-81H3.2,U47924.27,NRROS,INSM1
ITGB2,IL1R2,ANLN,hsa-miR-140-5p,UNC80,TNFRSF13B,TMEM255A,MSR1,ACAP1
GPR174,ALDH3B2,GUCY2F,TLR1,ANLN,KRT24,EXOC3L1,SOX15,GJB3
ASPDH,REG4,HIST2H2BF,LYPD1,GREB1L,ALS2CR12,ZNF114,HRASLS2,SALL3
UBASH3A,FSTL3,BEST2,PGA5,DNAH2,CRYBB1,RSPO2,ITGAL,AC004381.7
FEZF1,SERPINA9,CDHR5,hsa-miR-206,CARTPT,RP11-114M1.2,TFF2,VAMP1,GIP
GJB3,C10orf90,LAIR1,hsa-miR-139-3p,SLC35F4,GABRG3,LINC01351,CEACAM20,CST5
SERPINB13,C10orf99,SLC22A11,hsa-miR-3074-5p,FETUB,1-Dec,CNIH2,S100A14,PLIN4
hsa-miR-6718-5p,CLCA4,TUBB4A,CRB2,WFDC12,HAO1,RP11-849I19.1,TRIM15,PRSS33
hsa-miR-128-1-5p,EYA1,CHIT1,PADI2,INA,C10orf105,AC055733.1,B3GNT3,SSC4D
LRRC31,DLX2,AMER3,IRX5,CYP2S1,RP11-115H13.1,RFX4,CXCL17,DMBX1
CHP2,UGT1A3,RNF223,SLC15A3,KCNK16,TPX2,SLAMF6,CHD5,MAP7D2
PSG3,PRAME,RBFOX3,FAT3,MAB21L2,LYL1,AIPL1,PSG5,DCAF12L1
BPIFA2,TUSC5,ZNF114,EMILIN2,PLP1,RP11-65J3.3,hsa-miR-6718-5p,SIGLEC11,DRC1
ZNF729,CALML3,CD79B,MIR1255B1,KCNN4,AP006285.3,NFE4,PDLIM3,LINC00943
hsa-miR-31-5p,ELANE,CLGN,INSM2,AKR1B15,CCL4,RP11-102K13.5,TAC3,TRPV6
ALK,CD300LB,RP11-58E21.5,LINGO3,XAGE5,RNF103-CHMP3,LBP,BAIAP3,PLA2G12B
TMPRSS6,MIA,TCP11X2,RP4-576H24.4,TRIM31,ASB4,RP11-613C6.2,MAGEA6,HOXD10
hsa-miR-3191-5p,CCR7,RP11-402G3.5,SAA2-SAA4,STK31,CERKL,hsa-miR-6503-5p,BRS3,LGI3
LAMA3,ITGAL,AC006262.10,ASTL,CHRDL2,RP11-930P14.1,LAT2,KLK11,LINC01090
TLX3,SCGB2A1,LINC01331,SOX17,SOX14,RP11-771K4.1,RP5-1042I8.7,TMPRSS15,CFAP61
hsa-miR-144-3p,PF4V1,TFF2,CCKAR,TMEM132B,hsa-miR-605-5p,EEF1A2,NEURL3,ABCC8
LINC00861,TUBAL3,RP11-115D19.1,FCGR3B,TCF24,TRH,RP11-1007G5.2,PNCK,RSPO2
RP11-126O1.6,TNFRSF19,LIPE,C4orf26,RNF223,TAC3,KCNK13,APCDD1L,SIAH3
C1orf226,KRT81,LPXN,PSG8,ST18,AC114730.3,SUSD3,TYRP1,ACTL8
CAPNS2,BARHL2,LY6G6C,USH1C,SMPX,HLA-DQB1-AS1,LINC01050,BRINP3,RP4-549F15.1
SLC7A9,FGF3,RP11-472G21.2,ALDH3B2,SLC27A2,SYNE3,GPR148,APLP1,CEACAM5
BAIAP2L2,HLA-DPB1,SERPINA11,GPX2,MT3,ACTL6B,MYBL1,PTCRA,BRS3
HPR,GRIFIN,AC103563.8,PSG3,ESPN,SLC39A5,THRSP,FP325317.1,LDLRAD1
hsa-miR-203a-3p,OR5K2,MAP3K19,DOCK10,NTF4,CA14,KIF14,PATL2,PAEP
OSCAR,BPIFA2,CTD-2536I1.2,KRT36,HR,LILRA5,SHISA8,RETN,HOXC12
S100A7,ATOH1,UGT1A6,ACTL8,LRRIQ4,YBX2,MS4A14,IVL,CWH43
hsa-miR-3613-5p,C20orf85,PSG9,UBXN10,CEACAM6,CTD-2589M5.4,CHST6,SAGE1,RP11-58E21.5
TMPRSS15,KRT13,IGSF23,CCR6,ACTC1,LINC00173,C22orf42,FHDC1,SERPINA11
C12orf42,DMBT1,RP11-11C20.3,SCGN,IL36RN,MS4A1,TRBV11-2,SYNM,PCDH11X
TSPAN32,CALHM3,CHAT,AGR3,GCNT3,CTD-2026G6.3,MUC17,CD79A,RP11-326C3.14
CDH10,ACTL8,RP11-145A3.1,TRPM1,PYY,SULT4A1,SYNE3,TFF1,CLEC3A
PIWIL1,PHGR1,LINC00645,DQX1,BRS3,BANK1,RLTPR,SIGLEC1,MLN
hsa-miR-1269b,CHGB,MIOX,DCX,ATP2C2,PNLDC1,NPHP3-AS1,KLK7,FABP7
CD86,SOX1,SPN,DHRS2,SNCB,TCEAL2,PRDM12,FUT9,TNNT1
HRASLS2,FADS3,CTB-114C7.4,TM4SF19,CES3,hsa-miR-6815-5p,MAGEA12,KCNJ6,TMEM145
CCDC108,CEACAM20,hsa-miR-218-1-3p,OR52N4,IL36G,DEFA5,FLI1,NKX2-8,KRT36
HTR5A,CRIP3,HOXB13,HS6ST3,NPY4R,RP11-53B2.5,SLC6A14,GIMAP6,RP11-826N14.4
ZG16B,TACR2,RP11-981G7.3,GBX1,CRISP2,CTD-2529P6.4,SPACA4,HSPA1B,RP1-76B20.11
CIDEA,ABCB4,SLC18A2,hsa-miR-200a-5p,ABHD17C,TUBAL3,SYT13,IQSEC3,RP11-12J10.4
hsa-miR-503-5p,ANXA13,TFAP2B,CAMK2B,MLPH,PCSK1,NPFFR2,SULT1C2,RBP2
ZNF488,VWA5B2,HIST1H1C,HIST2H2BF,MT4,AP001056.1,IL12RB1,LCP2,GSTA2
DPEP2,MAGEC2,SCGB2A2,PKHD1,KCNJ3,KLK10,TUBB4A,GPR128,HOXB8
FAM83E,LGI3,LHX8,hsa-miR-215-3p,OR1N2,CTD-2340D6.1,hsa-miR-1269b,SLC6A3,LEP
DEFA3,OFCC1,CHRDL2,ADAD2,SOX2,PIK3C2G,C19orf38,CTD-2370N5.3,GNLY
MUC21,OTP,NCF2,CD300E,SP8,HOXB9,hsa-miR-106a-5p,ENTPD8,ATP4B
TNNC2,MGC50722,NPHP3-AS1,ERMN,BCL2L14,AC104809.2,TMEM132B,CELF3,FAM57B
VAMP1,VSIG2,SLA,KRT16,KCP,SHISA8,SDR16C5,ZNF750,ZNF23
NEB,CORO2A,HIST2H4A,GDNF,EFNA3,KCNE1,SHISA9,IGFLR1,CYP2F1
TMEM145,SSTR2,RP11-20J15.5,CXCR2,PCDH10,TGFB3,GLYATL3,CDHR5,APOC2
JPH3,HEPACAM2,IL12RB1,VMO1,INSC,hsa-miR-6810-3p,CACNA1A,PAPPA2,CXorf22
ALOX12B,SLC34A2,AP003774.1,REG4,EPHB3,HAPLN1,SRMS,SMIM6,UGT1A4
LPHN3,HS3ST4,ELFN2,FCRL6,SYNM,RP11-180P8.1,SERPINB4,C5orf38,RP11-411K7.1
VIPR1,CELF2,FCRL4,MS4A10,CNGA3,RBFOX3,LY6D,MRAP,C1orf200
EIF2S3L,CLEC12B,RP11-121A8.1,ATP4A,GRPR,CTD-2587H24.5,RBP7,CRACR2B,ASB4
hsa-miR-194-5p,SLAMF8,RP11-386M24.6,GRPR,MAGEB2,RP11-322E11.3,AMHR2,ZC3H12D,STK31
PRKAR2B,PCDH20,CTD-2314G24.2,BTK,TTC29,TEX19,FEZF1,SLC7A14,LHFPL4
NCMAP,GPRC5A,CCL14,GCNT3,KCNC2,RP11-468H14.2,ANKRD55,SLCO1B7,KCNH5
UBD,TRPA1,RP11-115D19.3,FAM83C,GJD2,RNASE6,POLR2J2,TMPRSS3,IL17REL
TM4SF20,FERMT1,FAM25A,SLC35F4,HOXB9,RP11-115D19.1,TDO2,FCRL1,WNT11
IKZF1,IL36B,VSTM2L,MLNR,REP15,PRKCG,SYT8,SLC39A5,hsa-miR-424-5p
GDA,LGALS7,ECT2,ATP10B,ELAVL3,CLEC17A,SYCN,ZNF729,MIR1255B1
HSD11B2,SNX20,MIA-RAB4B,SLC30A2,ZDHHC22,SLC4A11,RP11-30O15.1,PRIMA1,FAM150A
CHAT,FAM156B,TPX2,KRT6A,TAC3,CTD-2370N5.3,RP1-232L24.3,HRG,SOX15
APLP1,CYP2C19,NOL4,KRT72,GRM4,CLEC4E,C6orf15,DAW1,AIF1
PLIN4,CKMT1B,hsa-miR-520a-5p,HIST2H3C,NOL4,C1orf200,KIF17,NKX1-2,hsa-miR-150-5p
FAM83A,LEFTY2,MYADML2,KCNA5,OMP,LINC00643,AP003774.1,FAM26F,GPR31
PPBP,FABP2,CD33,LINC01272,MYADML2,DDX25,PRR15,PYY,IL20RB
SPIRE2,NFAM1,FAM153C,TRIM29,BARX1,LINC01351,SLC7A9,CSMD3,IGSF6
TNF,PIK3AP1,SLC10A2,CSAG1,WFDC10B,ECT2,AGR2,LY6G6C,RP11-574F11.3
TTC24,CXCR5,LINC01234,RP4-549F15.1,HIST2H2BE,PKP3,CDC6,CHI3L2,GFRA3
INA,HIST1H3H,IL36RN,SEMA4G,RP11-35N6.1,TMEM114,RP11-20J15.5,CSTL1,KCNIP2
SHISA7,FAM150A,RPPH1,SLCO1B1,FAM81B,LINC01048,RP11-700H6.2,C11orf44,CCDC108
PLAC1,CAMK2B,SFMBT2,EN2,STMN4,AC004009.2,RP11-794G24.1,PABPN1L,MELK
CCR1,MKRN3,RHBDL2,PLD4,HOXB8,LIPE,CLPS,SULT1E1,CEA
PF4V1,RHBDL1,CTAGE15,CD1C,HTR5A,RP11-430H10.3,RP4-555D20.1,PTPRN2,C10orf128
CLEC1B,PDE4C,GLRA3,hsa-miR-18a-5p,POLR2J2,KRTAP4-1,CYP4F2,SOD2,CCR7
GPNMB,MPPED1,RP11-147L13.15,AIM1L,TOX3,PAPPA2,CTA-363E6.2,PCDH20,ATCAY
GYPC,SLC17A4,CITED1,LYPD8,F7,RP11-1055B8.9,TMEM213,TFF3,LCN2
hsa-miR-500a-3p,SYTL5,PPIAL4C,hsa-miR-4668-3p,HIST2H2BF,PARVG,BTBD11,DEFB132,MISP
FAM159B,hsa-miR-375,C10orf128,CACNA1B,SYP,RP11-644L4.1,ANGPTL6,HOXC10,APCDD1L
PI3,BAIAP3,ERN2,PAX9,MISP,SIGLEC11,RP11-472G21.2,FBN3,RP11-386M24.6
POLR2J2,IL18RAP,IL10RA,C1orf87,BTNL3,RP11-219E7.1,CFP,CD180,SIGLEC8
TMEM257,ITIH5,PI3,FAM183B,KNG1,LINC01091,ABCG5,CHRDL2,LAT2
ARHGAP9,RTP5,HBD,MYH8,ASB4,CASP14,SHANK3,KLHL30,PVALB
LIPF,CTAG2,SDR16C5,SPINK4,SPDYC,CEBPE,SERPINB13,TMEM238,F7
RIPPLY2,CYP4F2,KCNA3,NTS,UNC5D,ATG16L2,CTA-384D8.31,KCNJ16,ZNF295-AS1
AGMO,ABCA12,EPB42,TPO,KISS1R,RP11-147L13.15,KLK12,PCSK1,SFTPB
GLRA3,ARHGAP30,SPTA1,CTD-3214H19.16,LGALS4,HEATR9,hsa-miR-503-5p,TRPV2,DSG1-AS1
PHOSPHO1,TFF3,HVCN1,GNLY,GABRA3,FLJ45079,IPCEF1,PRKAR2B,RP11-643A5.3
GAD2,GALNT5,CKMT1B,GRIN1,CSN3,hsa-miR-891b,PRSS21,LAMP5,RP11-262H14.3
PRODH,XAGE5,RP11-96O20.2,TG,AGMO,CYBB,AC023590.1,MAGEA3,KCNG4
IL36B,POLR2J2,BMP3,AC010890.1,ATCAY,RP11-229P13.15,CCKBR,LUZP2,GIPR
ICAM3,PIK3CG,CTD-2340D6.1,CKB,C1orf110,RP11-481J2.2,SCGB2A2,XK,ITGB7
PRR35,C19orf35,KRT25,ATOH1,FAM57B,KLHL41,VSTM2L,FAM83E,TYRP1
ZMAT1,UNC5D,LIPH,KIAA1324,KCNMB2,RP11-58E21.5,FCRL2,SDR16C5,TPO
RASAL1,ABCG5,VTCN1,GPR31,VWA3A,GP9,RP11-1079K10.3,GH1,ANGPTL6
UGT2B11,GRM4,TTC16,SH3TC2,TGM5,RP11-732A19.9,RASL11B,SGCZ,ADRA1A
USP44,SERPINB13,EPHA10,GPR110,TPSD1,RP11-736E3.3,TMEM72,ACSM5,PLA2G3
PIP5K1B,KLK11,C5orf46,NRXN1,SCGB2A1,RP11-326I11.4,MASP1,CERS1,SEZ6
ITGA3,ASB4,MEF2C,PLA2G2A,ABO,JPH3,SPTA1,ASPG,MAG
PCSK1N,APOH,IGFL1,LRRC31,RFX6,PPY,SYT14,LGALS12,AC234582.1
GYPE,TMPRSS15,CD247,CD52,ADCY8,GPR183,IKZF1,SLA,ITLN2
LCE3D,FCN2,AHSG,NR0B1,MYRFL,AL133493.2,LINC01234,FLI1,C16orf78
hsa-miR-218-1-3p,FPR3,ANKRD44,FAM65B,NR0B1,AC079779.4,ITGA4,FILIP1L,RP11-527L4.2
WISP3,IRX1,RP11-352D13.6,KISS1R,ATP6V0A4,CCDC60,IGFL1,DNER,CDCA7
FOLH1,RIPPLY2,INPP5D,PVALB,CITED1,RP5-903G2.2,GPR55,LCN1,LILRA5
DDX25,HOXA6,ALB,MCEMP1,KL,AC006129.1,TRIM50,SLC2A6,CEACAM3
FCER1G,TNNT1,RP1,TUBB1,LEMD1,PTK6,C10orf105,KRT9,CLRN3
UGT1A10,PDZRN4,GPHA2,CRTAM,CDX1,TYROBP,GABRQ,ABCC11,C1orf110
REG4,EVX1,CD3G,HIST3H2A,FSIP2,U62631.5,FXYD3,KIF17,PP2672
